date,state,fips,cases,deaths
1/21/20,Washington,53,1,0
1/22/20,Washington,53,1,0
1/23/20,Washington,53,1,0
1/24/20,Illinois,17,1,0
1/24/20,Washington,53,1,0
1/25/20,California,6,1,0
1/25/20,Illinois,17,1,0
1/25/20,Washington,53,1,0
1/26/20,Arizona,4,1,0
1/26/20,California,6,2,0
1/26/20,Illinois,17,1,0
1/26/20,Washington,53,1,0
1/27/20,Arizona,4,1,0
1/27/20,California,6,2,0
1/27/20,Illinois,17,1,0
1/27/20,Washington,53,1,0
1/28/20,Arizona,4,1,0
1/28/20,California,6,2,0
1/28/20,Illinois,17,1,0
1/28/20,Washington,53,1,0
1/29/20,Arizona,4,1,0
1/29/20,California,6,2,0
1/29/20,Illinois,17,1,0
1/29/20,Washington,53,1,0
1/30/20,Arizona,4,1,0
1/30/20,California,6,2,0
1/30/20,Illinois,17,2,0
1/30/20,Washington,53,1,0
1/31/20,Arizona,4,1,0
1/31/20,California,6,3,0
1/31/20,Illinois,17,2,0
1/31/20,Washington,53,1,0
2/1/20,Arizona,4,1,0
2/1/20,California,6,3,0
2/1/20,Illinois,17,2,0
2/1/20,Massachusetts,25,1,0
2/1/20,Washington,53,1,0
2/2/20,Arizona,4,1,0
2/2/20,California,6,6,0
2/2/20,Illinois,17,2,0
2/2/20,Massachusetts,25,1,0
2/2/20,Washington,53,1,0
2/3/20,Arizona,4,1,0
2/3/20,California,6,6,0
2/3/20,Illinois,17,2,0
2/3/20,Massachusetts,25,1,0
2/3/20,Washington,53,1,0
2/4/20,Arizona,4,1,0
2/4/20,California,6,6,0
2/4/20,Illinois,17,2,0
2/4/20,Massachusetts,25,1,0
2/4/20,Washington,53,1,0
2/5/20,Arizona,4,1,0
2/5/20,California,6,6,0
2/5/20,Illinois,17,2,0
2/5/20,Massachusetts,25,1,0
2/5/20,Washington,53,1,0
2/5/20,Wisconsin,55,1,0
2/6/20,Arizona,4,1,0
2/6/20,California,6,6,0
2/6/20,Illinois,17,2,0
2/6/20,Massachusetts,25,1,0
2/6/20,Washington,53,1,0
2/6/20,Wisconsin,55,1,0
2/7/20,Arizona,4,1,0
2/7/20,California,6,6,0
2/7/20,Illinois,17,2,0
2/7/20,Massachusetts,25,1,0
2/7/20,Washington,53,1,0
2/7/20,Wisconsin,55,1,0
2/8/20,Arizona,4,1,0
2/8/20,California,6,6,0
2/8/20,Illinois,17,2,0
2/8/20,Massachusetts,25,1,0
2/8/20,Washington,53,1,0
2/8/20,Wisconsin,55,1,0
2/9/20,Arizona,4,1,0
2/9/20,California,6,6,0
2/9/20,Illinois,17,2,0
2/9/20,Massachusetts,25,1,0
2/9/20,Washington,53,1,0
2/9/20,Wisconsin,55,1,0
2/10/20,Arizona,4,1,0
2/10/20,California,6,7,0
2/10/20,Illinois,17,2,0
2/10/20,Massachusetts,25,1,0
2/10/20,Washington,53,1,0
2/10/20,Wisconsin,55,1,0
2/11/20,Arizona,4,1,0
2/11/20,California,6,7,0
2/11/20,Illinois,17,2,0
2/11/20,Massachusetts,25,1,0
2/11/20,Washington,53,1,0
2/11/20,Wisconsin,55,1,0
2/12/20,Arizona,4,1,0
2/12/20,California,6,7,0
2/12/20,Illinois,17,2,0
2/12/20,Massachusetts,25,1,0
2/12/20,Texas,48,1,0
2/12/20,Washington,53,1,0
2/12/20,Wisconsin,55,1,0
2/13/20,Arizona,4,1,0
2/13/20,California,6,7,0
2/13/20,Illinois,17,2,0
2/13/20,Massachusetts,25,1,0
2/13/20,Texas,48,2,0
2/13/20,Washington,53,1,0
2/13/20,Wisconsin,55,1,0
2/14/20,Arizona,4,1,0
2/14/20,California,6,7,0
2/14/20,Illinois,17,2,0
2/14/20,Massachusetts,25,1,0
2/14/20,Texas,48,2,0
2/14/20,Washington,53,1,0
2/14/20,Wisconsin,55,1,0
2/15/20,Arizona,4,1,0
2/15/20,California,6,7,0
2/15/20,Illinois,17,2,0
2/15/20,Massachusetts,25,1,0
2/15/20,Texas,48,2,0
2/15/20,Washington,53,1,0
2/15/20,Wisconsin,55,1,0
2/16/20,Arizona,4,1,0
2/16/20,California,6,7,0
2/16/20,Illinois,17,2,0
2/16/20,Massachusetts,25,1,0
2/16/20,Texas,48,2,0
2/16/20,Washington,53,1,0
2/16/20,Wisconsin,55,1,0
2/17/20,Arizona,4,1,0
2/17/20,California,6,7,0
2/17/20,Illinois,17,2,0
2/17/20,Massachusetts,25,1,0
2/17/20,Nebraska,31,10,0
2/17/20,Texas,48,2,0
2/17/20,Washington,53,1,0
2/17/20,Wisconsin,55,1,0
2/18/20,Arizona,4,1,0
2/18/20,California,6,7,0
2/18/20,Illinois,17,2,0
2/18/20,Massachusetts,25,1,0
2/18/20,Nebraska,31,10,0
2/18/20,Texas,48,2,0
2/18/20,Washington,53,1,0
2/18/20,Wisconsin,55,1,0
2/19/20,Arizona,4,1,0
2/19/20,California,6,7,0
2/19/20,Illinois,17,2,0
2/19/20,Massachusetts,25,1,0
2/19/20,Nebraska,31,10,0
2/19/20,Texas,48,2,0
2/19/20,Washington,53,1,0
2/19/20,Wisconsin,55,1,0
2/20/20,Arizona,4,1,0
2/20/20,California,6,8,0
2/20/20,Illinois,17,2,0
2/20/20,Massachusetts,25,1,0
2/20/20,Nebraska,31,11,0
2/20/20,Texas,48,2,0
2/20/20,Washington,53,1,0
2/20/20,Wisconsin,55,1,0
2/21/20,Arizona,4,1,0
2/21/20,California,6,9,0
2/21/20,Illinois,17,2,0
2/21/20,Massachusetts,25,1,0
2/21/20,Nebraska,31,11,0
2/21/20,Texas,48,4,0
2/21/20,Washington,53,1,0
2/21/20,Wisconsin,55,1,0
2/22/20,Arizona,4,1,0
2/22/20,California,6,9,0
2/22/20,Illinois,17,2,0
2/22/20,Massachusetts,25,1,0
2/22/20,Nebraska,31,11,0
2/22/20,Texas,48,4,0
2/22/20,Washington,53,1,0
2/22/20,Wisconsin,55,1,0
2/23/20,Arizona,4,1,0
2/23/20,California,6,9,0
2/23/20,Illinois,17,2,0
2/23/20,Massachusetts,25,1,0
2/23/20,Nebraska,31,11,0
2/23/20,Texas,48,4,0
2/23/20,Washington,53,1,0
2/23/20,Wisconsin,55,1,0
2/24/20,Arizona,4,1,0
2/24/20,California,6,11,0
2/24/20,Illinois,17,2,0
2/24/20,Massachusetts,25,1,0
2/24/20,Nebraska,31,12,0
2/24/20,Texas,48,10,0
2/24/20,Washington,53,5,0
2/24/20,Wisconsin,55,1,0
2/25/20,Arizona,4,1,0
2/25/20,California,6,11,0
2/25/20,Illinois,17,2,0
2/25/20,Massachusetts,25,1,0
2/25/20,Nebraska,31,13,0
2/25/20,Texas,48,10,0
2/25/20,Utah,49,1,0
2/25/20,Washington,53,5,0
2/25/20,Wisconsin,55,1,0
2/26/20,Arizona,4,1,0
2/26/20,California,6,26,0
2/26/20,Illinois,17,2,0
2/26/20,Massachusetts,25,1,0
2/26/20,Nebraska,31,13,0
2/26/20,Texas,48,10,0
2/26/20,Utah,49,1,0
2/26/20,Washington,53,5,0
2/26/20,Wisconsin,55,1,0
2/27/20,Arizona,4,1,0
2/27/20,California,6,26,0
2/27/20,Illinois,17,2,0
2/27/20,Massachusetts,25,1,0
2/27/20,Nebraska,31,13,0
2/27/20,Texas,48,10,0
2/27/20,Utah,49,1,0
2/27/20,Washington,53,5,0
2/27/20,Wisconsin,55,1,0
2/28/20,Arizona,4,1,0
2/28/20,California,6,27,0
2/28/20,Illinois,17,2,0
2/28/20,Massachusetts,25,1,0
2/28/20,Nebraska,31,13,0
2/28/20,Oregon,41,1,0
2/28/20,Texas,48,11,0
2/28/20,Utah,49,1,0
2/28/20,Washington,53,7,0
2/28/20,Wisconsin,55,1,0
2/29/20,Arizona,4,1,0
2/29/20,California,6,28,0
2/29/20,Illinois,17,3,0
2/29/20,Massachusetts,25,1,0
2/29/20,Nebraska,31,13,0
2/29/20,Oregon,41,1,0
2/29/20,Texas,48,11,0
2/29/20,Utah,49,1,0
2/29/20,Washington,53,10,1
2/29/20,Wisconsin,55,1,0
3/1/20,Arizona,4,1,0
3/1/20,California,6,33,0
3/1/20,Florida,12,2,0
3/1/20,Illinois,17,3,0
3/1/20,Massachusetts,25,1,0
3/1/20,Nebraska,31,13,0
3/1/20,New York,36,1,0
3/1/20,Oregon,41,2,0
3/1/20,Rhode Island,44,2,0
3/1/20,Texas,48,11,0
3/1/20,Utah,49,1,0
3/1/20,Washington,53,17,3
3/1/20,Wisconsin,55,1,0
3/2/20,Arizona,4,1,0
3/2/20,California,6,38,0
3/2/20,Florida,12,2,0
3/2/20,Georgia,13,2,0
3/2/20,Illinois,17,4,0
3/2/20,Massachusetts,25,2,0
3/2/20,Nebraska,31,13,0
3/2/20,New Hampshire,33,1,0
3/2/20,New York,36,1,0
3/2/20,Oregon,41,2,0
3/2/20,Rhode Island,44,2,0
3/2/20,Texas,48,11,0
3/2/20,Utah,49,1,0
3/2/20,Washington,53,23,6
3/2/20,Wisconsin,55,1,0
3/3/20,Arizona,4,2,0
3/3/20,California,6,45,0
3/3/20,Florida,12,3,0
3/3/20,Georgia,13,2,0
3/3/20,Illinois,17,4,0
3/3/20,Massachusetts,25,2,0
3/3/20,Nebraska,31,13,0
3/3/20,New Hampshire,33,2,0
3/3/20,New York,36,2,0
3/3/20,North Carolina,37,1,0
3/3/20,Oregon,41,2,0
3/3/20,Rhode Island,44,2,0
3/3/20,Texas,48,11,0
3/3/20,Utah,49,1,0
3/3/20,Washington,53,32,10
3/3/20,Wisconsin,55,1,0
3/4/20,Arizona,4,2,0
3/4/20,California,6,55,1
3/4/20,Florida,12,3,0
3/4/20,Georgia,13,2,0
3/4/20,Illinois,17,4,0
3/4/20,Massachusetts,25,2,0
3/4/20,Nebraska,31,13,0
3/4/20,New Hampshire,33,2,0
3/4/20,New Jersey,34,1,0
3/4/20,New York,36,11,0
3/4/20,North Carolina,37,1,0
3/4/20,Oregon,41,2,0
3/4/20,Rhode Island,44,2,0
3/4/20,Texas,48,12,0
3/4/20,Utah,49,1,0
3/4/20,Washington,53,47,11
3/4/20,Wisconsin,55,1,0
3/5/20,Arizona,4,2,0
3/5/20,California,6,67,1
3/5/20,Colorado,8,2,0
3/5/20,Florida,12,4,0
3/5/20,Georgia,13,2,0
3/5/20,Illinois,17,5,0
3/5/20,Maryland,24,3,0
3/5/20,Massachusetts,25,3,0
3/5/20,Nebraska,31,13,0
3/5/20,Nevada,32,2,0
3/5/20,New Hampshire,33,2,0
3/5/20,New Jersey,34,2,0
3/5/20,New York,36,22,0
3/5/20,North Carolina,37,1,0
3/5/20,Oregon,41,2,0
3/5/20,Rhode Island,44,2,0
3/5/20,Tennessee,47,1,0
3/5/20,Texas,48,16,0
3/5/20,Utah,49,1,0
3/5/20,Washington,53,75,11
3/5/20,Wisconsin,55,1,0
3/6/20,Arizona,4,3,0
3/6/20,California,6,81,1
3/6/20,Colorado,8,8,0
3/6/20,Florida,12,7,2
3/6/20,Georgia,13,3,0
3/6/20,Hawaii,15,1,0
3/6/20,Illinois,17,6,0
3/6/20,Indiana,18,1,0
3/6/20,Kentucky,21,1,0
3/6/20,Maryland,24,3,0
3/6/20,Massachusetts,25,8,0
3/6/20,Minnesota,27,1,0
3/6/20,Nebraska,31,14,0
3/6/20,Nevada,32,2,0
3/6/20,New Hampshire,33,2,0
3/6/20,New Jersey,34,4,0
3/6/20,New York,36,44,0
3/6/20,North Carolina,37,2,0
3/6/20,Oklahoma,40,1,0
3/6/20,Oregon,41,2,0
3/6/20,Pennsylvania,42,2,0
3/6/20,Rhode Island,44,3,0
3/6/20,South Carolina,45,2,0
3/6/20,Tennessee,47,1,0
3/6/20,Texas,48,19,0
3/6/20,Utah,49,3,0
3/6/20,Washington,53,86,12
3/6/20,Wisconsin,55,1,0
3/7/20,Arizona,4,5,0
3/7/20,California,6,100,1
3/7/20,Colorado,8,8,0
3/7/20,District of Columbia,11,1,0
3/7/20,Florida,12,12,2
3/7/20,Georgia,13,7,0
3/7/20,Hawaii,15,1,0
3/7/20,Illinois,17,6,0
3/7/20,Indiana,18,1,0
3/7/20,Kansas,20,1,0
3/7/20,Kentucky,21,1,0
3/7/20,Maryland,24,3,0
3/7/20,Massachusetts,25,13,0
3/7/20,Minnesota,27,1,0
3/7/20,Missouri,29,1,0
3/7/20,Nebraska,31,14,0
3/7/20,Nevada,32,2,0
3/7/20,New Hampshire,33,4,0
3/7/20,New Jersey,34,4,0
3/7/20,New York,36,89,0
3/7/20,North Carolina,37,2,0
3/7/20,Oklahoma,40,1,0
3/7/20,Oregon,41,6,0
3/7/20,Pennsylvania,42,4,0
3/7/20,Rhode Island,44,3,0
3/7/20,South Carolina,45,2,0
3/7/20,Tennessee,47,1,0
3/7/20,Texas,48,19,0
3/7/20,Utah,49,3,0
3/7/20,Vermont,50,1,0
3/7/20,Virginia,51,1,0
3/7/20,Washington,53,110,16
3/7/20,Wisconsin,55,1,0
3/8/20,Arizona,4,5,0
3/8/20,California,6,112,1
3/8/20,Colorado,8,8,0
3/8/20,Connecticut,9,1,0
3/8/20,District of Columbia,11,1,0
3/8/20,Florida,12,13,2
3/8/20,Georgia,13,11,0
3/8/20,Hawaii,15,2,0
3/8/20,Illinois,17,7,0
3/8/20,Indiana,18,2,0
3/8/20,Iowa,19,3,0
3/8/20,Kansas,20,1,0
3/8/20,Kentucky,21,4,0
3/8/20,Maryland,24,5,0
3/8/20,Massachusetts,25,28,0
3/8/20,Minnesota,27,2,0
3/8/20,Missouri,29,1,0
3/8/20,Nebraska,31,16,0
3/8/20,Nevada,32,4,0
3/8/20,New Hampshire,33,4,0
3/8/20,New Jersey,34,6,0
3/8/20,New York,36,106,0
3/8/20,North Carolina,37,2,0
3/8/20,Oklahoma,40,1,0
3/8/20,Oregon,41,13,0
3/8/20,Pennsylvania,42,6,0
3/8/20,Rhode Island,44,3,0
3/8/20,South Carolina,45,6,0
3/8/20,Tennessee,47,3,0
3/8/20,Texas,48,23,0
3/8/20,Utah,49,3,0
3/8/20,Vermont,50,1,0
3/8/20,Virginia,51,2,0
3/8/20,Washington,53,141,19
3/8/20,Wisconsin,55,1,0
3/9/20,Arizona,4,6,0
3/9/20,California,6,172,2
3/9/20,Colorado,8,12,0
3/9/20,Connecticut,9,2,0
3/9/20,District of Columbia,11,4,0
3/9/20,Florida,12,14,2
3/9/20,Georgia,13,17,0
3/9/20,Hawaii,15,2,0
3/9/20,Illinois,17,11,0
3/9/20,Indiana,18,4,0
3/9/20,Iowa,19,8,0
3/9/20,Kansas,20,1,0
3/9/20,Kentucky,21,5,0
3/9/20,Louisiana,22,1,0
3/9/20,Maryland,24,6,0
3/9/20,Massachusetts,25,41,0
3/9/20,Minnesota,27,2,0
3/9/20,Missouri,29,1,0
3/9/20,Nebraska,31,16,0
3/9/20,Nevada,32,4,0
3/9/20,New Hampshire,33,4,0
3/9/20,New Jersey,34,11,0
3/9/20,New York,36,142,0
3/9/20,North Carolina,37,7,0
3/9/20,Ohio,39,3,0
3/9/20,Oklahoma,40,1,0
3/9/20,Oregon,41,13,0
3/9/20,Pennsylvania,42,10,0
3/9/20,Rhode Island,44,3,0
3/9/20,South Carolina,45,7,0
3/9/20,Tennessee,47,4,0
3/9/20,Texas,48,24,0
3/9/20,Utah,49,3,0
3/9/20,Vermont,50,1,0
3/9/20,Virginia,51,5,0
3/9/20,Washington,53,179,22
3/9/20,Wisconsin,55,2,0
3/10/20,Arizona,4,6,0
3/10/20,California,6,179,3
3/10/20,Colorado,8,17,0
3/10/20,Connecticut,9,2,0
3/10/20,District of Columbia,11,4,0
3/10/20,Florida,12,23,2
3/10/20,Georgia,13,22,0
3/10/20,Hawaii,15,2,0
3/10/20,Illinois,17,19,0
3/10/20,Indiana,18,6,0
3/10/20,Iowa,19,13,0
3/10/20,Kansas,20,1,0
3/10/20,Kentucky,21,7,0
3/10/20,Louisiana,22,6,0
3/10/20,Maryland,24,9,0
3/10/20,Massachusetts,25,92,0
3/10/20,Michigan,26,2,0
3/10/20,Minnesota,27,3,0
3/10/20,Missouri,29,1,0
3/10/20,Nebraska,31,17,0
3/10/20,Nevada,32,4,0
3/10/20,New Hampshire,33,5,0
3/10/20,New Jersey,34,15,1
3/10/20,New York,36,173,0
3/10/20,North Carolina,37,7,0
3/10/20,Ohio,39,3,0
3/10/20,Oklahoma,40,2,0
3/10/20,Oregon,41,14,0
3/10/20,Pennsylvania,42,12,0
3/10/20,Rhode Island,44,5,0
3/10/20,South Carolina,45,9,0
3/10/20,South Dakota,46,5,1
3/10/20,Tennessee,47,7,0
3/10/20,Texas,48,31,0
3/10/20,Utah,49,4,0
3/10/20,Vermont,50,1,0
3/10/20,Virginia,51,8,0
3/10/20,Washington,53,279,24
3/10/20,Wisconsin,55,3,0
3/11/20,Arizona,4,9,0
3/11/20,Arkansas,5,1,0
3/11/20,California,6,202,4
3/11/20,Colorado,8,34,0
3/11/20,Connecticut,9,3,0
3/11/20,Delaware,10,1,0
3/11/20,District of Columbia,11,10,0
3/11/20,Florida,12,26,2
3/11/20,Georgia,13,31,0
3/11/20,Hawaii,15,2,0
3/11/20,Illinois,17,25,0
3/11/20,Indiana,18,11,0
3/11/20,Iowa,19,14,0
3/11/20,Kansas,20,1,0
3/11/20,Kentucky,21,7,0
3/11/20,Louisiana,22,13,0
3/11/20,Maryland,24,13,0
3/11/20,Massachusetts,25,95,0
3/11/20,Michigan,26,2,0
3/11/20,Minnesota,27,5,0
3/11/20,Mississippi,28,1,0
3/11/20,Missouri,29,1,0
3/11/20,Nebraska,31,23,0
3/11/20,Nevada,32,7,0
3/11/20,New Hampshire,33,5,0
3/11/20,New Jersey,34,23,1
3/11/20,New Mexico,35,4,0
3/11/20,New York,36,217,0
3/11/20,North Carolina,37,8,0
3/11/20,North Dakota,38,1,0
3/11/20,Ohio,39,4,0
3/11/20,Oklahoma,40,2,0
3/11/20,Oregon,41,20,0
3/11/20,Pennsylvania,42,16,0
3/11/20,Rhode Island,44,5,0
3/11/20,South Carolina,45,10,0
3/11/20,South Dakota,46,8,1
3/11/20,Tennessee,47,8,0
3/11/20,Texas,48,33,0
3/11/20,Utah,49,5,0
3/11/20,Vermont,50,2,0
3/11/20,Virginia,51,10,0
3/11/20,Washington,53,338,29
3/11/20,Wisconsin,55,6,0
3/11/20,Wyoming,56,1,0
3/12/20,Alaska,2,1,0
3/12/20,Arizona,4,9,0
3/12/20,Arkansas,5,6,0
3/12/20,California,6,252,4
3/12/20,Colorado,8,49,1
3/12/20,Connecticut,9,6,0
3/12/20,Delaware,10,4,0
3/12/20,District of Columbia,11,10,0
3/12/20,Florida,12,46,2
3/12/20,Georgia,13,31,1
3/12/20,Hawaii,15,2,0
3/12/20,Illinois,17,32,0
3/12/20,Indiana,18,12,0
3/12/20,Iowa,19,16,0
3/12/20,Kansas,20,5,1
3/12/20,Kentucky,21,11,0
3/12/20,Louisiana,22,14,0
3/12/20,Maine,23,1,0
3/12/20,Maryland,24,13,0
3/12/20,Massachusetts,25,108,0
3/12/20,Michigan,26,12,0
3/12/20,Minnesota,27,9,0
3/12/20,Mississippi,28,1,0
3/12/20,Missouri,29,2,0
3/12/20,Nebraska,31,24,0
3/12/20,Nevada,32,11,0
3/12/20,New Hampshire,33,6,0
3/12/20,New Jersey,34,29,1
3/12/20,New Mexico,35,6,0
3/12/20,New York,36,326,0
3/12/20,North Carolina,37,16,0
3/12/20,North Dakota,38,1,0
3/12/20,Ohio,39,5,0
3/12/20,Oklahoma,40,2,0
3/12/20,Oregon,41,30,0
3/12/20,Pennsylvania,42,22,0
3/12/20,Rhode Island,44,5,0
3/12/20,South Carolina,45,12,0
3/12/20,South Dakota,46,8,1
3/12/20,Tennessee,47,18,0
3/12/20,Texas,48,41,0
3/12/20,Utah,49,7,0
3/12/20,Vermont,50,2,0
3/12/20,Virginia,51,17,0
3/12/20,Washington,53,419,32
3/12/20,Wisconsin,55,8,0
3/12/20,Wyoming,56,1,0
3/13/20,Alabama,1,6,0
3/13/20,Alaska,2,1,0
3/13/20,Arizona,4,9,0
3/13/20,Arkansas,5,7,0
3/13/20,California,6,320,5
3/13/20,Colorado,8,78,2
3/13/20,Connecticut,9,11,0
3/13/20,Delaware,10,4,0
3/13/20,District of Columbia,11,10,0
3/13/20,Florida,12,70,2
3/13/20,Georgia,13,41,1
3/13/20,Hawaii,15,2,0
3/13/20,Idaho,16,1,0
3/13/20,Illinois,17,46,0
3/13/20,Indiana,18,12,0
3/13/20,Iowa,19,17,0
3/13/20,Kansas,20,6,1
3/13/20,Kentucky,21,11,0
3/13/20,Louisiana,22,36,0
3/13/20,Maine,23,2,0
3/13/20,Maryland,24,18,0
3/13/20,Massachusetts,25,123,0
3/13/20,Michigan,26,25,0
3/13/20,Minnesota,27,14,0
3/13/20,Mississippi,28,6,0
3/13/20,Missouri,29,4,0
3/13/20,Montana,30,4,0
3/13/20,Nebraska,31,27,0
3/13/20,Nevada,32,19,0
3/13/20,New Hampshire,33,7,0
3/13/20,New Jersey,34,50,1
3/13/20,New Mexico,35,10,0
3/13/20,New York,36,421,0
3/13/20,North Carolina,37,18,0
3/13/20,North Dakota,38,1,0
3/13/20,Ohio,39,13,0
3/13/20,Oklahoma,40,3,0
3/13/20,Oregon,41,30,0
3/13/20,Pennsylvania,42,41,0
3/13/20,Puerto Rico,72,3,0
3/13/20,Rhode Island,44,20,0
3/13/20,South Carolina,45,13,0
3/13/20,South Dakota,46,9,1
3/13/20,Tennessee,47,26,0
3/13/20,Texas,48,58,0
3/13/20,Utah,49,7,0
3/13/20,Vermont,50,2,0
3/13/20,Virginia,51,30,0
3/13/20,Washington,53,511,37
3/13/20,Wisconsin,55,19,0
3/13/20,Wyoming,56,2,0
3/14/20,Alabama,1,12,0
3/14/20,Alaska,2,1,0
3/14/20,Arizona,4,12,0
3/14/20,Arkansas,5,9,0
3/14/20,California,6,381,5
3/14/20,Colorado,8,103,2
3/14/20,Connecticut,9,20,0
3/14/20,Delaware,10,4,0
3/14/20,District of Columbia,11,16,0
3/14/20,Florida,12,70,3
3/14/20,Georgia,13,65,1
3/14/20,Hawaii,15,4,0
3/14/20,Idaho,16,5,0
3/14/20,Illinois,17,66,0
3/14/20,Indiana,18,15,0
3/14/20,Iowa,19,18,0
3/14/20,Kansas,20,8,1
3/14/20,Kentucky,21,18,0
3/14/20,Louisiana,22,77,1
3/14/20,Maine,23,3,0
3/14/20,Maryland,24,27,0
3/14/20,Massachusetts,25,138,0
3/14/20,Michigan,26,33,0
3/14/20,Minnesota,27,21,0
3/14/20,Mississippi,28,6,0
3/14/20,Missouri,29,5,0
3/14/20,Montana,30,6,0
3/14/20,Nebraska,31,29,0
3/14/20,Nevada,32,21,0
3/14/20,New Hampshire,33,7,0
3/14/20,New Jersey,34,75,2
3/14/20,New Mexico,35,13,0
3/14/20,New York,36,610,2
3/14/20,North Carolina,37,25,0
3/14/20,North Dakota,38,1,0
3/14/20,Ohio,39,26,0
3/14/20,Oklahoma,40,4,0
3/14/20,Oregon,41,36,1
3/14/20,Pennsylvania,42,47,0
3/14/20,Puerto Rico,72,4,0
3/14/20,Rhode Island,44,20,0
3/14/20,South Carolina,45,19,0
3/14/20,South Dakota,46,9,1
3/14/20,Tennessee,47,32,0
3/14/20,Texas,48,69,0
3/14/20,Utah,49,21,0
3/14/20,Vermont,50,5,0
3/14/20,Virgin Islands,78,1,0
3/14/20,Virginia,51,42,1
3/14/20,Washington,53,609,40
3/14/20,Wisconsin,55,27,0
3/14/20,Wyoming,56,3,0
3/15/20,Alabama,1,23,0
3/15/20,Alaska,2,1,0
3/15/20,Arizona,4,13,0
3/15/20,Arkansas,5,16,0
3/15/20,California,6,478,6
3/15/20,Colorado,8,136,2
3/15/20,Connecticut,9,26,0
3/15/20,Delaware,10,7,0
3/15/20,District of Columbia,11,17,0
3/15/20,Florida,12,109,3
3/15/20,Georgia,13,97,1
3/15/20,Guam,66,3,0
3/15/20,Hawaii,15,7,0
3/15/20,Idaho,16,5,0
3/15/20,Illinois,17,94,0
3/15/20,Indiana,18,19,0
3/15/20,Iowa,19,22,0
3/15/20,Kansas,20,9,1
3/15/20,Kentucky,21,21,0
3/15/20,Louisiana,22,103,2
3/15/20,Maine,23,12,0
3/15/20,Maryland,24,32,0
3/15/20,Massachusetts,25,164,0
3/15/20,Michigan,26,53,0
3/15/20,Minnesota,27,35,0
3/15/20,Mississippi,28,10,0
3/15/20,Missouri,29,5,0
3/15/20,Montana,30,6,0
3/15/20,Nebraska,31,31,0
3/15/20,Nevada,32,26,0
3/15/20,New Hampshire,33,13,0
3/15/20,New Jersey,34,98,2
3/15/20,New Mexico,35,17,0
3/15/20,New York,36,732,6
3/15/20,North Carolina,37,32,0
3/15/20,North Dakota,38,1,0
3/15/20,Ohio,39,37,0
3/15/20,Oklahoma,40,8,0
3/15/20,Oregon,41,39,1
3/15/20,Pennsylvania,42,68,0
3/15/20,Puerto Rico,72,5,0
3/15/20,Rhode Island,44,20,0
3/15/20,South Carolina,45,28,0
3/15/20,South Dakota,46,9,1
3/15/20,Tennessee,47,39,0
3/15/20,Texas,48,80,0
3/15/20,Utah,49,29,0
3/15/20,Vermont,50,8,0
3/15/20,Virgin Islands,78,1,0
3/15/20,Virginia,51,45,1
3/15/20,Washington,53,675,42
3/15/20,Wisconsin,55,33,0
3/15/20,Wyoming,56,3,0
3/16/20,Alabama,1,29,0
3/16/20,Alaska,2,3,0
3/16/20,Arizona,4,18,0
3/16/20,Arkansas,5,22,0
3/16/20,California,6,588,11
3/16/20,Colorado,8,161,2
3/16/20,Connecticut,9,41,0
3/16/20,Delaware,10,8,0
3/16/20,District of Columbia,11,22,0
3/16/20,Florida,12,141,4
3/16/20,Georgia,13,118,1
3/16/20,Guam,66,3,0
3/16/20,Hawaii,15,10,0
3/16/20,Idaho,16,5,0
3/16/20,Illinois,17,104,0
3/16/20,Indiana,18,24,1
3/16/20,Iowa,19,22,0
3/16/20,Kansas,20,11,1
3/16/20,Kentucky,21,22,1
3/16/20,Louisiana,22,137,3
3/16/20,Maine,23,17,0
3/16/20,Maryland,24,39,0
3/16/20,Massachusetts,25,197,0
3/16/20,Michigan,26,54,0
3/16/20,Minnesota,27,54,0
3/16/20,Mississippi,28,12,0
3/16/20,Missouri,29,9,0
3/16/20,Montana,30,8,0
3/16/20,Nebraska,31,33,0
3/16/20,Nevada,32,45,1
3/16/20,New Hampshire,33,17,0
3/16/20,New Jersey,34,176,3
3/16/20,New Mexico,35,21,0
3/16/20,New York,36,950,10
3/16/20,North Carolina,37,34,0
3/16/20,North Dakota,38,1,0
3/16/20,Ohio,39,50,0
3/16/20,Oklahoma,40,10,0
3/16/20,Oregon,41,46,1
3/16/20,Pennsylvania,42,81,0
3/16/20,Puerto Rico,72,5,0
3/16/20,Rhode Island,44,21,0
3/16/20,South Carolina,45,33,1
3/16/20,South Dakota,46,10,1
3/16/20,Tennessee,47,52,0
3/16/20,Texas,48,87,1
3/16/20,Utah,49,40,0
3/16/20,Vermont,50,12,0
3/16/20,Virgin Islands,78,2,0
3/16/20,Virginia,51,51,1
3/16/20,Washington,53,794,48
3/16/20,Wisconsin,55,47,0
3/16/20,Wyoming,56,10,0
3/17/20,Alabama,1,39,0
3/17/20,Alaska,2,6,0
3/17/20,Arizona,4,20,0
3/17/20,Arkansas,5,22,0
3/17/20,California,6,732,14
3/17/20,Colorado,8,183,3
3/17/20,Connecticut,9,68,0
3/17/20,Delaware,10,16,0
3/17/20,District of Columbia,11,31,0
3/17/20,Florida,12,210,6
3/17/20,Georgia,13,142,1
3/17/20,Guam,66,3,0
3/17/20,Hawaii,15,14,0
3/17/20,Idaho,16,9,0
3/17/20,Illinois,17,159,1
3/17/20,Indiana,18,30,2
3/17/20,Iowa,19,29,0
3/17/20,Kansas,20,17,1
3/17/20,Kentucky,21,26,1
3/17/20,Louisiana,22,196,5
3/17/20,Maine,23,32,0
3/17/20,Maryland,24,57,0
3/17/20,Massachusetts,25,218,0
3/17/20,Michigan,26,65,0
3/17/20,Minnesota,27,60,0
3/17/20,Mississippi,28,21,0
3/17/20,Missouri,29,16,0
3/17/20,Montana,30,8,0
3/17/20,Nebraska,31,36,0
3/17/20,Nevada,32,55,1
3/17/20,New Hampshire,33,26,0
3/17/20,New Jersey,34,268,3
3/17/20,New Mexico,35,23,0
3/17/20,New York,36,1374,17
3/17/20,North Carolina,37,42,0
3/17/20,North Dakota,38,5,0
3/17/20,Ohio,39,67,0
3/17/20,Oklahoma,40,18,0
3/17/20,Oregon,41,66,2
3/17/20,Pennsylvania,42,101,0
3/17/20,Puerto Rico,72,5,0
3/17/20,Rhode Island,44,23,0
3/17/20,South Carolina,45,47,1
3/17/20,South Dakota,46,11,1
3/17/20,Tennessee,47,73,0
3/17/20,Texas,48,106,1
3/17/20,Utah,49,51,0
3/17/20,Vermont,50,14,0
3/17/20,Virgin Islands,78,2,0
3/17/20,Virginia,51,67,2
3/17/20,Washington,53,908,54
3/17/20,West Virginia,54,1,0
3/17/20,Wisconsin,55,72,0
3/17/20,Wyoming,56,15,0
3/18/20,Alabama,1,51,0
3/18/20,Alaska,2,9,0
3/18/20,Arizona,4,28,0
3/18/20,Arkansas,5,33,0
3/18/20,California,6,893,17
3/18/20,Colorado,8,216,3
3/18/20,Connecticut,9,96,1
3/18/20,Delaware,10,26,0
3/18/20,District of Columbia,11,36,0
3/18/20,Florida,12,326,7
3/18/20,Georgia,13,193,3
3/18/20,Guam,66,8,0
3/18/20,Hawaii,15,16,0
3/18/20,Idaho,16,11,0
3/18/20,Illinois,17,286,1
3/18/20,Indiana,18,39,2
3/18/20,Iowa,19,38,0
3/18/20,Kansas,20,22,1
3/18/20,Kentucky,21,35,1
3/18/20,Louisiana,22,280,7
3/18/20,Maine,23,43,0
3/18/20,Maryland,24,85,1
3/18/20,Massachusetts,25,256,0
3/18/20,Michigan,26,80,1
3/18/20,Minnesota,27,77,0
3/18/20,Mississippi,28,34,0
3/18/20,Missouri,29,21,1
3/18/20,Montana,30,12,0
3/18/20,Nebraska,31,43,0
3/18/20,Nevada,32,82,1
3/18/20,New Hampshire,33,39,0
3/18/20,New Jersey,34,427,5
3/18/20,New Mexico,35,28,0
3/18/20,New York,36,2382,27
3/18/20,North Carolina,37,66,0
3/18/20,North Dakota,38,7,0
3/18/20,Ohio,39,90,0
3/18/20,Oklahoma,40,29,0
3/18/20,Oregon,41,74,3
3/18/20,Pennsylvania,42,139,1
3/18/20,Puerto Rico,72,5,0
3/18/20,Rhode Island,44,33,0
3/18/20,South Carolina,45,60,1
3/18/20,South Dakota,46,11,1
3/18/20,Tennessee,47,98,0
3/18/20,Texas,48,166,2
3/18/20,Utah,49,65,0
3/18/20,Vermont,50,19,0
3/18/20,Virgin Islands,78,3,0
3/18/20,Virginia,51,78,2
3/18/20,Washington,53,1026,68
3/18/20,West Virginia,54,2,0
3/18/20,Wisconsin,55,106,0
3/18/20,Wyoming,56,17,0
3/19/20,Alabama,1,78,0
3/19/20,Alaska,2,12,0
3/19/20,Arizona,4,47,0
3/19/20,Arkansas,5,62,0
3/19/20,California,6,1067,19
3/19/20,Colorado,8,278,5
3/19/20,Connecticut,9,159,4
3/19/20,Delaware,10,30,0
3/19/20,District of Columbia,11,68,0
3/19/20,Florida,12,434,8
3/19/20,Georgia,13,282,10
3/19/20,Guam,66,12,0
3/19/20,Hawaii,15,26,0
3/19/20,Idaho,16,23,0
3/19/20,Illinois,17,420,4
3/19/20,Indiana,18,56,2
3/19/20,Iowa,19,44,0
3/19/20,Kansas,20,35,1
3/19/20,Kentucky,21,47,2
3/19/20,Louisiana,22,392,10
3/19/20,Maine,23,52,0
3/19/20,Maryland,24,108,1
3/19/20,Massachusetts,25,328,0
3/19/20,Michigan,26,334,3
3/19/20,Minnesota,27,89,0
3/19/20,Mississippi,28,50,1
3/19/20,Missouri,29,35,1
3/19/20,Montana,30,19,0
3/19/20,Nebraska,31,47,0
3/19/20,Nevada,32,99,1
3/19/20,New Hampshire,33,44,0
3/19/20,New Jersey,34,735,9
3/19/20,New Mexico,35,35,0
3/19/20,New York,36,4152,30
3/19/20,North Carolina,37,104,0
3/19/20,North Dakota,38,19,0
3/19/20,Ohio,39,120,0
3/19/20,Oklahoma,40,44,1
3/19/20,Oregon,41,87,3
3/19/20,Pennsylvania,42,187,1
3/19/20,Puerto Rico,72,6,0
3/19/20,Rhode Island,44,44,0
3/19/20,South Carolina,45,81,1
3/19/20,South Dakota,46,14,1
3/19/20,Tennessee,47,155,0
3/19/20,Texas,48,248,4
3/19/20,Utah,49,80,0
3/19/20,Vermont,50,22,2
3/19/20,Virgin Islands,78,3,0
3/19/20,Virginia,51,94,2
3/19/20,Washington,53,1228,75
3/19/20,West Virginia,54,5,0
3/19/20,Wisconsin,55,155,2
3/19/20,Wyoming,56,18,0
3/20/20,Alabama,1,106,0
3/20/20,Alaska,2,14,0
3/20/20,Arizona,4,70,1
3/20/20,Arkansas,5,100,0
3/20/20,California,6,1283,24
3/20/20,Colorado,8,364,5
3/20/20,Connecticut,9,194,4
3/20/20,Delaware,10,39,0
3/20/20,District of Columbia,11,77,1
3/20/20,Florida,12,564,9
3/20/20,Georgia,13,482,14
3/20/20,Guam,66,14,0
3/20/20,Hawaii,15,37,0
3/20/20,Idaho,16,31,0
3/20/20,Illinois,17,583,5
3/20/20,Indiana,18,79,3
3/20/20,Iowa,19,45,0
3/20/20,Kansas,20,49,1
3/20/20,Kentucky,21,63,2
3/20/20,Louisiana,22,537,10
3/20/20,Maine,23,57,0
3/20/20,Maryland,24,150,2
3/20/20,Massachusetts,25,413,1
3/20/20,Michigan,26,548,4
3/20/20,Minnesota,27,115,0
3/20/20,Mississippi,28,80,1
3/20/20,Missouri,29,73,3
3/20/20,Montana,30,19,0
3/20/20,Nebraska,31,53,0
3/20/20,Nevada,32,165,2
3/20/20,New Hampshire,33,55,0
3/20/20,New Jersey,34,896,11
3/20/20,New Mexico,35,43,0
3/20/20,New York,36,7102,57
3/20/20,North Carolina,37,144,0
3/20/20,North Dakota,38,27,0
3/20/20,Ohio,39,169,1
3/20/20,Oklahoma,40,49,1
3/20/20,Oregon,41,114,3
3/20/20,Pennsylvania,42,269,1
3/20/20,Puerto Rico,72,14,0
3/20/20,Rhode Island,44,44,0
3/20/20,South Carolina,45,126,3
3/20/20,South Dakota,46,14,1
3/20/20,Tennessee,47,237,0
3/20/20,Texas,48,377,5
3/20/20,Utah,49,112,0
3/20/20,Vermont,50,29,2
3/20/20,Virgin Islands,78,6,0
3/20/20,Virginia,51,115,2
3/20/20,Washington,53,1404,83
3/20/20,West Virginia,54,8,0
3/20/20,Wisconsin,55,216,3
3/20/20,Wyoming,56,22,0
3/21/20,Alabama,1,131,0
3/21/20,Alaska,2,21,0
3/21/20,Arizona,4,104,1
3/21/20,Arkansas,5,118,0
3/21/20,California,6,1544,28
3/21/20,Colorado,8,475,6
3/21/20,Connecticut,9,223,5
3/21/20,Delaware,10,45,0
3/21/20,District of Columbia,11,98,1
3/21/20,Florida,12,764,11
3/21/20,Georgia,13,552,20
3/21/20,Guam,66,15,0
3/21/20,Hawaii,15,48,0
3/21/20,Idaho,16,42,0
3/21/20,Illinois,17,751,6
3/21/20,Indiana,18,126,4
3/21/20,Iowa,19,68,0
3/21/20,Kansas,20,57,2
3/21/20,Kentucky,21,84,3
3/21/20,Louisiana,22,763,16
3/21/20,Maine,23,70,0
3/21/20,Maryland,24,195,3
3/21/20,Massachusetts,25,525,2
3/21/20,Michigan,26,787,6
3/21/20,Minnesota,27,138,1
3/21/20,Mississippi,28,140,1
3/21/20,Missouri,29,93,3
3/21/20,Montana,30,29,0
3/21/20,Nebraska,31,61,0
3/21/20,Nevada,32,165,2
3/21/20,New Hampshire,33,65,0
3/21/20,New Jersey,34,1336,16
3/21/20,New Mexico,35,57,0
3/21/20,New York,36,10356,80
3/21/20,North Carolina,37,184,0
3/21/20,North Dakota,38,28,0
3/21/20,Ohio,39,247,3
3/21/20,Oklahoma,40,53,1
3/21/20,Oregon,41,137,4
3/21/20,Pennsylvania,42,388,2
3/21/20,Puerto Rico,72,21,1
3/21/20,Rhode Island,44,66,0
3/21/20,South Carolina,45,172,3
3/21/20,South Dakota,46,14,1
3/21/20,Tennessee,47,312,2
3/21/20,Texas,48,547,5
3/21/20,Utah,49,138,0
3/21/20,Vermont,50,49,2
3/21/20,Virgin Islands,78,6,0
3/21/20,Virginia,51,152,3
3/21/20,Washington,53,1655,95
3/21/20,West Virginia,54,12,0
3/21/20,Wisconsin,55,281,4
3/21/20,Wyoming,56,24,0
3/22/20,Alabama,1,157,0
3/22/20,Alaska,2,22,0
3/22/20,Arizona,4,153,2
3/22/20,Arkansas,5,165,0
3/22/20,California,6,1851,35
3/22/20,Colorado,8,591,7
3/22/20,Connecticut,9,327,8
3/22/20,Delaware,10,56,0
3/22/20,District of Columbia,11,116,2
3/22/20,Florida,12,1000,13
3/22/20,Georgia,13,620,25
3/22/20,Guam,66,27,1
3/22/20,Hawaii,15,56,0
3/22/20,Idaho,16,47,0
3/22/20,Illinois,17,1047,9
3/22/20,Indiana,18,201,6
3/22/20,Iowa,19,90,0
3/22/20,Kansas,20,66,2
3/22/20,Kentucky,21,103,3
3/22/20,Louisiana,22,837,20
3/22/20,Maine,23,89,0
3/22/20,Maryland,24,245,3
3/22/20,Massachusetts,25,646,5
3/22/20,Michigan,26,1033,9
3/22/20,Minnesota,27,171,1
3/22/20,Mississippi,28,207,1
3/22/20,Missouri,29,130,3
3/22/20,Montana,30,34,0
3/22/20,Nebraska,31,62,0
3/22/20,Nevada,32,190,2
3/22/20,New Hampshire,33,78,0
3/22/20,New Jersey,34,1914,20
3/22/20,New Mexico,35,65,0
3/22/20,New York,36,15168,122
3/22/20,North Carolina,37,269,0
3/22/20,North Dakota,38,30,0
3/22/20,Ohio,39,351,3
3/22/20,Oklahoma,40,67,2
3/22/20,Oregon,41,161,5
3/22/20,Pennsylvania,42,504,3
3/22/20,Puerto Rico,72,23,1
3/22/20,Rhode Island,44,83,0
3/22/20,South Carolina,45,194,3
3/22/20,South Dakota,46,21,1
3/22/20,Tennessee,47,424,2
3/22/20,Texas,48,632,7
3/22/20,Utah,49,182,1
3/22/20,Vermont,50,52,2
3/22/20,Virgin Islands,78,17,0
3/22/20,Virginia,51,219,6
3/22/20,Washington,53,1844,97
3/22/20,West Virginia,54,16,0
3/22/20,Wisconsin,55,382,4
3/22/20,Wyoming,56,26,0
3/23/20,Alabama,1,196,0
3/23/20,Alaska,2,36,0
3/23/20,Arizona,4,234,2
3/23/20,Arkansas,5,201,0
3/23/20,California,6,2240,39
3/23/20,Colorado,8,721,10
3/23/20,Connecticut,9,415,10
3/23/20,Delaware,10,87,0
3/23/20,District of Columbia,11,138,2
3/23/20,Florida,12,1222,18
3/23/20,Georgia,13,800,25
3/23/20,Guam,66,29,1
3/23/20,Hawaii,15,77,0
3/23/20,Idaho,16,50,0
3/23/20,Illinois,17,1285,12
3/23/20,Indiana,18,259,7
3/23/20,Iowa,19,105,0
3/23/20,Kansas,20,82,2
3/23/20,Kentucky,21,124,3
3/23/20,Louisiana,22,1172,34
3/23/20,Maine,23,107,0
3/23/20,Maryland,24,290,3
3/23/20,Massachusetts,25,777,5
3/23/20,Michigan,26,1324,16
3/23/20,Minnesota,27,235,1
3/23/20,Mississippi,28,249,1
3/23/20,Missouri,29,183,4
3/23/20,Montana,30,45,0
3/23/20,Nebraska,31,73,0
3/23/20,Nevada,32,265,4
3/23/20,New Hampshire,33,101,1
3/23/20,New Jersey,34,2844,27
3/23/20,New Mexico,35,83,0
3/23/20,New York,36,20875,159
3/23/20,North Carolina,37,303,0
3/23/20,North Dakota,38,32,0
3/23/20,Ohio,39,444,6
3/23/20,Oklahoma,40,81,2
3/23/20,Oregon,41,191,5
3/23/20,Pennsylvania,42,644,6
3/23/20,Puerto Rico,72,31,2
3/23/20,Rhode Island,44,106,0
3/23/20,South Carolina,45,299,5
3/23/20,South Dakota,46,28,1
3/23/20,Tennessee,47,522,2
3/23/20,Texas,48,728,7
3/23/20,Utah,49,257,1
3/23/20,Vermont,50,75,2
3/23/20,Virgin Islands,78,17,0
3/23/20,Virginia,51,254,6
3/23/20,Washington,53,2101,110
3/23/20,West Virginia,54,16,0
3/23/20,Wisconsin,55,418,5
3/23/20,Wyoming,56,28,0
3/24/20,Alabama,1,242,0
3/24/20,Alaska,2,42,0
3/24/20,Arizona,4,326,6
3/24/20,Arkansas,5,232,2
3/24/20,California,6,2644,52
3/24/20,Colorado,8,912,11
3/24/20,Connecticut,9,618,12
3/24/20,Delaware,10,104,0
3/24/20,District of Columbia,11,183,2
3/24/20,Florida,12,1467,19
3/24/20,Georgia,13,1097,38
3/24/20,Guam,66,32,1
3/24/20,Hawaii,15,90,0
3/24/20,Idaho,16,73,0
3/24/20,Illinois,17,1535,16
3/24/20,Indiana,18,366,12
3/24/20,Iowa,19,124,1
3/24/20,Kansas,20,99,3
3/24/20,Kentucky,21,157,3
3/24/20,Louisiana,22,1388,46
3/24/20,Maine,23,118,0
3/24/20,Maryland,24,349,4
3/24/20,Massachusetts,25,1159,11
3/24/20,Michigan,26,1791,24
3/24/20,Minnesota,27,262,1
3/24/20,Mississippi,28,320,1
3/24/20,Missouri,29,255,5
3/24/20,Montana,30,51,0
3/24/20,Nebraska,31,77,0
3/24/20,Nevada,32,315,6
3/24/20,New Hampshire,33,108,1
3/24/20,New Jersey,34,3675,44
3/24/20,New Mexico,35,100,0
3/24/20,New York,36,25665,218
3/24/20,North Carolina,37,399,0
3/24/20,North Dakota,38,36,0
3/24/20,Ohio,39,564,8
3/24/20,Oklahoma,40,106,3
3/24/20,Oregon,41,209,8
3/24/20,Pennsylvania,42,851,7
3/24/20,Puerto Rico,72,39,2
3/24/20,Rhode Island,44,124,0
3/24/20,South Carolina,45,342,7
3/24/20,South Dakota,46,30,1
3/24/20,Tennessee,47,679,2
3/24/20,Texas,48,857,11
3/24/20,Utah,49,298,1
3/24/20,Vermont,50,95,7
3/24/20,Virgin Islands,78,17,0
3/24/20,Virginia,51,290,7
3/24/20,Washington,53,2469,123
3/24/20,West Virginia,54,39,0
3/24/20,Wisconsin,55,481,5
3/24/20,Wyoming,56,37,0
3/25/20,Alabama,1,386,1
3/25/20,Alaska,2,59,0
3/25/20,Arizona,4,402,6
3/25/20,Arkansas,5,308,2
3/25/20,California,6,3183,67
3/25/20,Colorado,8,1086,19
3/25/20,Connecticut,9,875,19
3/25/20,Delaware,10,119,0
3/25/20,District of Columbia,11,231,3
3/25/20,Florida,12,1965,23
3/25/20,Georgia,13,1387,47
3/25/20,Guam,66,32,1
3/25/20,Hawaii,15,95,0
3/25/20,Idaho,16,123,0
3/25/20,Illinois,17,1875,21
3/25/20,Indiana,18,479,14
3/25/20,Iowa,19,145,1
3/25/20,Kansas,20,132,3
3/25/20,Kentucky,21,198,5
3/25/20,Louisiana,22,1795,65
3/25/20,Maine,23,142,0
3/25/20,Maryland,24,423,4
3/25/20,Massachusetts,25,1838,15
3/25/20,Michigan,26,2294,43
3/25/20,Minnesota,27,287,1
3/25/20,Mississippi,28,377,5
3/25/20,Missouri,29,377,8
3/25/20,Montana,30,65,0
3/25/20,Nebraska,31,84,0
3/25/20,Nevada,32,405,10
3/25/20,New Hampshire,33,137,1
3/25/20,New Jersey,34,4402,62
3/25/20,New Mexico,35,112,1
3/25/20,New York,36,33066,325
3/25/20,North Carolina,37,563,1
3/25/20,North Dakota,38,45,0
3/25/20,Ohio,39,706,11
3/25/20,Oklahoma,40,164,5
3/25/20,Oregon,41,266,10
3/25/20,Pennsylvania,42,1151,11
3/25/20,Puerto Rico,72,51,2
3/25/20,Rhode Island,44,132,0
3/25/20,South Carolina,45,424,7
3/25/20,South Dakota,46,41,1
3/25/20,Tennessee,47,806,3
3/25/20,Texas,48,1119,12
3/25/20,Utah,49,346,1
3/25/20,Vermont,50,123,8
3/25/20,Virgin Islands,78,17,0
3/25/20,Virginia,51,391,9
3/25/20,Washington,53,2585,130
3/25/20,West Virginia,54,51,0
3/25/20,Wisconsin,55,623,7
3/25/20,Wyoming,56,49,0
3/26/20,Alabama,1,538,3
3/26/20,Alaska,2,69,0
3/26/20,Arizona,4,508,8
3/26/20,Arkansas,5,351,3
3/26/20,California,6,4060,82
3/26/20,Colorado,8,1432,24
3/26/20,Connecticut,9,1012,21
3/26/20,Delaware,10,143,1
3/26/20,District of Columbia,11,267,3
3/26/20,Florida,12,2477,29
3/26/20,Georgia,13,1643,56
3/26/20,Guam,66,49,1
3/26/20,Hawaii,15,106,0
3/26/20,Idaho,16,189,3
3/26/20,Illinois,17,2538,26
3/26/20,Indiana,18,656,18
3/26/20,Iowa,19,179,1
3/26/20,Kansas,20,171,3
3/26/20,Kentucky,21,248,5
3/26/20,Louisiana,22,2305,83
3/26/20,Maine,23,155,0
3/26/20,Maryland,24,581,4
3/26/20,Massachusetts,25,2417,25
3/26/20,Michigan,26,2878,63
3/26/20,Minnesota,27,346,2
3/26/20,Mississippi,28,487,6
3/26/20,Missouri,29,507,8
3/26/20,Montana,30,90,0
3/26/20,Nebraska,31,92,0
3/26/20,Nevada,32,535,10
3/26/20,New Hampshire,33,158,1
3/26/20,New Jersey,34,6876,81
3/26/20,New Mexico,35,136,1
3/26/20,New York,36,38987,432
3/26/20,North Carolina,37,638,2
3/26/20,North Dakota,38,58,0
3/26/20,Ohio,39,867,15
3/26/20,Oklahoma,40,248,7
3/26/20,Oregon,41,316,11
3/26/20,Pennsylvania,42,1690,16
3/26/20,Puerto Rico,72,64,2
3/26/20,Rhode Island,44,165,0
3/26/20,South Carolina,45,456,9
3/26/20,South Dakota,46,46,1
3/26/20,Tennessee,47,981,3
3/26/20,Texas,48,1543,21
3/26/20,Utah,49,402,1
3/26/20,Vermont,50,158,9
3/26/20,Virgin Islands,78,17,0
3/26/20,Virginia,51,604,14
3/26/20,Washington,53,3208,151
3/26/20,West Virginia,54,76,0
3/26/20,Wisconsin,55,754,10
3/26/20,Wyoming,56,56,0
3/27/20,Alabama,1,639,4
3/27/20,Alaska,2,85,1
3/27/20,Arizona,4,665,15
3/27/20,Arkansas,5,386,3
3/27/20,California,6,4914,102
3/27/20,Colorado,8,1735,31
3/27/20,Connecticut,9,1291,27
3/27/20,Delaware,10,165,2
3/27/20,District of Columbia,11,304,4
3/27/20,Florida,12,3198,46
3/27/20,Georgia,13,2198,64
3/27/20,Guam,66,53,1
3/27/20,Hawaii,15,120,0
3/27/20,Idaho,16,231,4
3/27/20,Illinois,17,3029,37
3/27/20,Indiana,18,982,26
3/27/20,Iowa,19,235,3
3/27/20,Kansas,20,212,4
3/27/20,Kentucky,21,302,8
3/27/20,Louisiana,22,2746,119
3/27/20,Maine,23,168,1
3/27/20,Maryland,24,775,5
3/27/20,Massachusetts,25,3240,35
3/27/20,Michigan,26,3657,93
3/27/20,Minnesota,27,398,4
3/27/20,Mississippi,28,579,8
3/27/20,Missouri,29,671,9
3/27/20,Montana,30,121,1
3/27/20,Nebraska,31,100,2
3/27/20,Nevada,32,621,10
3/27/20,New Hampshire,33,187,2
3/27/20,New Jersey,34,8825,108
3/27/20,New Mexico,35,191,1
3/27/20,New York,36,44635,535
3/27/20,North Carolina,37,783,3
3/27/20,North Dakota,38,68,1
3/27/20,Ohio,39,1144,22
3/27/20,Oklahoma,40,322,8
3/27/20,Oregon,41,414,12
3/27/20,Pennsylvania,42,2218,23
3/27/20,Puerto Rico,72,79,3
3/27/20,Rhode Island,44,203,0
3/27/20,South Carolina,45,539,13
3/27/20,South Dakota,46,58,1
3/27/20,Tennessee,47,1180,6
3/27/20,Texas,48,1942,23
3/27/20,Utah,49,480,2
3/27/20,Vermont,50,184,10
3/27/20,Virgin Islands,78,19,0
3/27/20,Virginia,51,606,14
3/27/20,Washington,53,3770,177
3/27/20,West Virginia,54,96,0
3/27/20,Wisconsin,55,930,16
3/27/20,Wyoming,56,73,0
3/28/20,Alabama,1,720,4
3/28/20,Alaska,2,102,1
3/28/20,Arizona,4,773,15
3/28/20,Arkansas,5,409,5
3/28/20,California,6,5565,121
3/28/20,Colorado,8,2061,44
3/28/20,Connecticut,9,1524,33
3/28/20,Delaware,10,214,5
3/28/20,District of Columbia,11,342,4
3/28/20,Florida,12,4038,56
3/28/20,Georgia,13,2447,79
3/28/20,Guam,66,57,1
3/28/20,Hawaii,15,151,0
3/28/20,Idaho,16,261,5
3/28/20,Illinois,17,3547,50
3/28/20,Indiana,18,1232,31
3/28/20,Iowa,19,298,3
3/28/20,Kansas,20,271,6
3/28/20,Kentucky,21,394,9
3/28/20,Louisiana,22,3315,137
3/28/20,Maine,23,211,1
3/28/20,Maryland,24,1066,10
3/28/20,Massachusetts,25,4257,44
3/28/20,Michigan,26,4635,111
3/28/20,Minnesota,27,441,5
3/28/20,Mississippi,28,669,13
3/28/20,Missouri,29,838,10
3/28/20,Montana,30,147,1
3/28/20,Nebraska,31,122,2
3/28/20,Nevada,32,738,14
3/28/20,New Hampshire,33,214,2
3/28/20,New Jersey,34,11124,140
3/28/20,New Mexico,35,208,2
3/28/20,New York,36,53363,782
3/28/20,North Carolina,37,972,4
3/28/20,North Dakota,38,94,1
3/28/20,Northern Mariana Islands,69,2,0
3/28/20,Ohio,39,1406,25
3/28/20,Oklahoma,40,377,15
3/28/20,Oregon,41,479,13
3/28/20,Pennsylvania,42,2815,35
3/28/20,Puerto Rico,72,100,3
3/28/20,Rhode Island,44,239,2
3/28/20,South Carolina,45,660,15
3/28/20,South Dakota,46,68,1
3/28/20,Tennessee,47,1364,6
3/28/20,Texas,48,2161,29
3/28/20,Utah,49,608,2
3/28/20,Vermont,50,211,12
3/28/20,Virgin Islands,78,19,0
3/28/20,Virginia,51,740,17
3/28/20,Washington,53,4311,191
3/28/20,West Virginia,54,113,0
3/28/20,Wisconsin,55,1042,17
3/28/20,Wyoming,56,84,0
3/29/20,Alabama,1,830,5
3/29/20,Alaska,2,114,1
3/29/20,Arizona,4,929,18
3/29/20,Arkansas,5,449,6
3/29/20,California,6,6266,130
3/29/20,Colorado,8,2315,47
3/29/20,Connecticut,9,1993,34
3/29/20,Delaware,10,232,6
3/29/20,District of Columbia,11,342,4
3/29/20,Florida,12,4942,59
3/29/20,Georgia,13,2683,83
3/29/20,Guam,66,58,1
3/29/20,Hawaii,15,175,0
3/29/20,Idaho,16,310,6
3/29/20,Illinois,17,4613,70
3/29/20,Indiana,18,1514,32
3/29/20,Iowa,19,336,4
3/29/20,Kansas,20,332,7
3/29/20,Kentucky,21,439,9
3/29/20,Louisiana,22,3540,152
3/29/20,Maine,23,253,3
3/29/20,Maryland,24,1244,11
3/29/20,Massachusetts,25,4955,48
3/29/20,Michigan,26,5486,132
3/29/20,Minnesota,27,504,9
3/29/20,Mississippi,28,759,14
3/29/20,Missouri,29,903,12
3/29/20,Montana,30,161,1
3/29/20,Nebraska,31,137,2
3/29/20,Nevada,32,920,15
3/29/20,New Hampshire,33,258,3
3/29/20,New Jersey,34,13386,161
3/29/20,New Mexico,35,237,2
3/29/20,New York,36,59568,965
3/29/20,North Carolina,37,1167,6
3/29/20,North Dakota,38,98,1
3/29/20,Northern Mariana Islands,69,2,0
3/29/20,Ohio,39,1665,30
3/29/20,Oklahoma,40,429,16
3/29/20,Oregon,41,548,13
3/29/20,Pennsylvania,42,3441,40
3/29/20,Puerto Rico,72,127,5
3/29/20,Rhode Island,44,294,3
3/29/20,South Carolina,45,774,16
3/29/20,South Dakota,46,90,1
3/29/20,Tennessee,47,1570,7
3/29/20,Texas,48,2712,35
3/29/20,Utah,49,719,2
3/29/20,Vermont,50,235,12
3/29/20,Virgin Islands,78,23,0
3/29/20,Virginia,51,890,22
3/29/20,Washington,53,4896,207
3/29/20,West Virginia,54,124,1
3/29/20,Wisconsin,55,1120,17
3/29/20,Wyoming,56,87,0
3/30/20,Alabama,1,947,11
3/30/20,Alaska,2,119,2
3/30/20,Arizona,4,1169,20
3/30/20,Arkansas,5,508,7
3/30/20,California,6,7421,146
3/30/20,Colorado,8,2628,51
3/30/20,Connecticut,9,2571,36
3/30/20,Delaware,10,264,7
3/30/20,District of Columbia,11,495,9
3/30/20,Florida,12,5694,71
3/30/20,Georgia,13,3032,102
3/30/20,Guam,66,60,1
3/30/20,Hawaii,15,204,0
3/30/20,Idaho,16,415,7
3/30/20,Illinois,17,5070,84
3/30/20,Indiana,18,1788,35
3/30/20,Iowa,19,424,6
3/30/20,Kansas,20,373,9
3/30/20,Kentucky,21,480,11
3/30/20,Louisiana,22,4025,186
3/30/20,Maine,23,275,3
3/30/20,Maryland,24,1414,15
3/30/20,Massachusetts,25,5752,61
3/30/20,Michigan,26,6508,197
3/30/20,Minnesota,27,576,10
3/30/20,Mississippi,28,848,16
3/30/20,Missouri,29,1050,13
3/30/20,Montana,30,177,4
3/30/20,Nebraska,31,185,3
3/30/20,Nevada,32,1044,18
3/30/20,New Hampshire,33,314,3
3/30/20,New Jersey,34,16636,199
3/30/20,New Mexico,35,281,4
3/30/20,New York,36,67174,1224
3/30/20,North Carolina,37,1304,6
3/30/20,North Dakota,38,109,3
3/30/20,Northern Mariana Islands,69,2,0
3/30/20,Ohio,39,1933,40
3/30/20,Oklahoma,40,481,17
3/30/20,Oregon,41,606,16
3/30/20,Pennsylvania,42,4156,48
3/30/20,Puerto Rico,72,174,6
3/30/20,Rhode Island,44,408,4
3/30/20,South Carolina,45,925,18
3/30/20,South Dakota,46,101,1
3/30/20,Tennessee,47,1721,13
3/30/20,Texas,48,3043,46
3/30/20,Utah,49,806,4
3/30/20,Vermont,50,256,12
3/30/20,Virgin Islands,78,30,0
3/30/20,Virginia,51,1021,26
3/30/20,Washington,53,5179,221
3/30/20,West Virginia,54,145,1
3/30/20,Wisconsin,55,1267,20
3/30/20,Wyoming,56,95,0
3/31/20,Alabama,1,999,13
3/31/20,Alaska,2,133,2
3/31/20,Arizona,4,1298,24
3/31/20,Arkansas,5,564,8
3/31/20,California,6,8582,183
3/31/20,Colorado,8,2990,69
3/31/20,Connecticut,9,3128,69
3/31/20,Delaware,10,319,10
3/31/20,District of Columbia,11,495,9
3/31/20,Florida,12,6741,85
3/31/20,Georgia,13,4117,125
3/31/20,Guam,66,139,2
3/31/20,Hawaii,15,224,1
3/31/20,Idaho,16,526,9
3/31/20,Illinois,17,5994,107
3/31/20,Indiana,18,2159,50
3/31/20,Iowa,19,498,7
3/31/20,Kansas,20,434,10
3/31/20,Kentucky,21,590,18
3/31/20,Louisiana,22,5237,240
3/31/20,Maine,23,303,5
3/31/20,Maryland,24,1662,18
3/31/20,Massachusetts,25,6620,89
3/31/20,Michigan,26,7630,264
3/31/20,Minnesota,27,629,12
3/31/20,Mississippi,28,937,20
3/31/20,Missouri,29,1351,15
3/31/20,Montana,30,198,5
3/31/20,Nebraska,31,193,4
3/31/20,Nevada,32,1113,26
3/31/20,New Hampshire,33,367,3
3/31/20,New Jersey,34,18696,267
3/31/20,New Mexico,35,315,5
3/31/20,New York,36,75832,1550
3/31/20,North Carolina,37,1528,10
3/31/20,North Dakota,38,126,3
3/31/20,Northern Mariana Islands,69,2,0
3/31/20,Ohio,39,2199,55
3/31/20,Oklahoma,40,566,23
3/31/20,Oregon,41,690,18
3/31/20,Pennsylvania,42,4997,72
3/31/20,Puerto Rico,72,239,8
3/31/20,Rhode Island,44,488,8
3/31/20,South Carolina,45,1083,22
3/31/20,South Dakota,46,108,1
3/31/20,Tennessee,47,2049,13
3/31/20,Texas,48,3576,57
3/31/20,Utah,49,887,5
3/31/20,Vermont,50,293,13
3/31/20,Virgin Islands,78,30,0
3/31/20,Virginia,51,1250,27
3/31/20,Washington,53,5292,226
3/31/20,West Virginia,54,162,1
3/31/20,Wisconsin,55,1351,25
3/31/20,Wyoming,56,120,0
4/1/20,Alabama,1,1106,28
4/1/20,Alaska,2,143,2
4/1/20,Arizona,4,1413,29
4/1/20,Arkansas,5,624,10
4/1/20,California,6,9816,212
4/1/20,Colorado,8,3346,80
4/1/20,Connecticut,9,3557,85
4/1/20,Delaware,10,368,11
4/1/20,District of Columbia,11,586,11
4/1/20,Florida,12,7765,100
4/1/20,Georgia,13,4748,154
4/1/20,Guam,66,147,3
4/1/20,Hawaii,15,258,1
4/1/20,Idaho,16,669,9
4/1/20,Illinois,17,6980,146
4/1/20,Indiana,18,2565,65
4/1/20,Iowa,19,549,9
4/1/20,Kansas,20,488,11
4/1/20,Kentucky,21,682,20
4/1/20,Louisiana,22,6424,273
4/1/20,Maine,23,344,7
4/1/20,Maryland,24,1985,33
4/1/20,Massachusetts,25,7738,122
4/1/20,Michigan,26,9293,336
4/1/20,Minnesota,27,689,17
4/1/20,Mississippi,28,1073,22
4/1/20,Missouri,29,1581,18
4/1/20,Montana,30,217,5
4/1/20,Nebraska,31,249,5
4/1/20,Nevada,32,1279,32
4/1/20,New Hampshire,33,415,4
4/1/20,New Jersey,34,22255,355
4/1/20,New Mexico,35,363,6
4/1/20,New York,36,83889,1941
4/1/20,North Carolina,37,1582,11
4/1/20,North Dakota,38,147,3
4/1/20,Northern Mariana Islands,69,6,1
4/1/20,Ohio,39,2547,65
4/1/20,Oklahoma,40,719,30
4/1/20,Oregon,41,736,19
4/1/20,Pennsylvania,42,5805,74
4/1/20,Puerto Rico,72,286,11
4/1/20,Rhode Island,44,566,10
4/1/20,South Carolina,45,1293,26
4/1/20,South Dakota,46,129,2
4/1/20,Tennessee,47,2690,23
4/1/20,Texas,48,4261,63
4/1/20,Utah,49,1012,7
4/1/20,Vermont,50,321,16
4/1/20,Virgin Islands,78,30,0
4/1/20,Virginia,51,1511,34
4/1/20,Washington,53,5588,249
4/1/20,West Virginia,54,191,2
4/1/20,Wisconsin,55,1550,33
4/1/20,Wyoming,56,137,0
4/2/20,Alabama,1,1270,32
4/2/20,Alaska,2,146,2
4/2/20,Arizona,4,1600,35
4/2/20,Arkansas,5,683,12
4/2/20,California,6,11190,247
4/2/20,Colorado,8,3728,96
4/2/20,Connecticut,9,3824,112
4/2/20,Delaware,10,393,12
4/2/20,District of Columbia,11,653,12
4/2/20,Florida,12,9000,144
4/2/20,Georgia,13,5444,176
4/2/20,Guam,66,152,3
4/2/20,Hawaii,15,283,2
4/2/20,Idaho,16,891,9
4/2/20,Illinois,17,7695,165
4/2/20,Indiana,18,3039,78
4/2/20,Iowa,19,614,11
4/2/20,Kansas,20,554,14
4/2/20,Kentucky,21,755,34
4/2/20,Louisiana,22,9150,310
4/2/20,Maine,23,376,7
4/2/20,Maryland,24,2331,36
4/2/20,Massachusetts,25,8966,154
4/2/20,Michigan,26,10791,417
4/2/20,Minnesota,27,742,18
4/2/20,Mississippi,28,1177,26
4/2/20,Missouri,29,1834,24
4/2/20,Montana,30,241,5
4/2/20,Nebraska,31,273,6
4/2/20,Nevada,32,1458,38
4/2/20,New Hampshire,33,479,5
4/2/20,New Jersey,34,25590,539
4/2/20,New Mexico,35,403,7
4/2/20,New York,36,92770,2653
4/2/20,North Carolina,37,1857,17
4/2/20,North Dakota,38,159,3
4/2/20,Northern Mariana Islands,69,8,1
4/2/20,Ohio,39,2902,81
4/2/20,Oklahoma,40,879,34
4/2/20,Oregon,41,826,21
4/2/20,Pennsylvania,42,7016,90
4/2/20,Puerto Rico,72,316,12
4/2/20,Rhode Island,44,657,12
4/2/20,South Carolina,45,1554,31
4/2/20,South Dakota,46,165,2
4/2/20,Tennessee,47,2869,32
4/2/20,Texas,48,4880,79
4/2/20,Utah,49,1074,7
4/2/20,Vermont,50,338,17
4/2/20,Virgin Islands,78,37,0
4/2/20,Virginia,51,1706,41
4/2/20,Washington,53,6585,272
4/2/20,West Virginia,54,217,2
4/2/20,Wisconsin,55,1730,37
4/2/20,Wyoming,56,153,0
4/3/20,Alabama,1,1535,38
4/3/20,Alaska,2,156,2
4/3/20,Arizona,4,1769,41
4/3/20,Arkansas,5,738,12
4/3/20,California,6,12569,282
4/3/20,Colorado,8,4182,110
4/3/20,Connecticut,9,4915,132
4/3/20,Delaware,10,450,14
4/3/20,District of Columbia,11,757,15
4/3/20,Florida,12,10260,169
4/3/20,Georgia,13,5967,198
4/3/20,Guam,66,154,4
4/3/20,Hawaii,15,317,3
4/3/20,Idaho,16,1013,10
4/3/20,Illinois,17,8904,211
4/3/20,Indiana,18,3437,102
4/3/20,Iowa,19,699,11
4/3/20,Kansas,20,624,19
4/3/20,Kentucky,21,770,34
4/3/20,Louisiana,22,10297,370
4/3/20,Maine,23,432,9
4/3/20,Maryland,24,2758,42
4/3/20,Massachusetts,25,10402,192
4/3/20,Michigan,26,12670,478
4/3/20,Minnesota,27,789,22
4/3/20,Mississippi,28,1358,29
4/3/20,Missouri,29,2113,31
4/3/20,Montana,30,262,5
4/3/20,Nebraska,31,296,6
4/3/20,Nevada,32,1549,43
4/3/20,New Hampshire,33,540,7
4/3/20,New Jersey,34,29895,647
4/3/20,New Mexico,35,495,10
4/3/20,New York,36,102870,2935
4/3/20,North Carolina,37,2093,19
4/3/20,North Dakota,38,173,3
4/3/20,Northern Mariana Islands,69,8,1
4/3/20,Ohio,39,3312,91
4/3/20,Oklahoma,40,988,38
4/3/20,Oregon,41,899,22
4/3/20,Pennsylvania,42,8420,102
4/3/20,Puerto Rico,72,378,15
4/3/20,Rhode Island,44,711,14
4/3/20,South Carolina,45,1700,34
4/3/20,South Dakota,46,187,2
4/3/20,Tennessee,47,3032,36
4/3/20,Texas,48,5669,97
4/3/20,Utah,49,1260,7
4/3/20,Vermont,50,389,17
4/3/20,Virgin Islands,78,38,0
4/3/20,Virginia,51,2012,46
4/3/20,Washington,53,6966,293
4/3/20,West Virginia,54,242,2
4/3/20,Wisconsin,55,1916,49
4/3/20,Wyoming,56,166,0
4/4/20,Alabama,1,1633,44
4/4/20,Alaska,2,169,3
4/4/20,Arizona,4,2019,53
4/4/20,Arkansas,5,743,14
4/4/20,California,6,13796,323
4/4/20,Colorado,8,4574,126
4/4/20,Connecticut,9,5276,165
4/4/20,Delaware,10,593,14
4/4/20,District of Columbia,11,902,21
4/4/20,Florida,12,11537,194
4/4/20,Georgia,13,6383,208
4/4/20,Guam,66,223,4
4/4/20,Hawaii,15,349,3
4/4/20,Idaho,16,1077,10
4/4/20,Illinois,17,10357,248
4/4/20,Indiana,18,3953,116
4/4/20,Iowa,19,786,11
4/4/20,Kansas,20,701,21
4/4/20,Kentucky,21,917,40
4/4/20,Louisiana,22,12496,412
4/4/20,Maine,23,456,10
4/4/20,Maryland,24,3125,54
4/4/20,Massachusetts,25,11736,216
4/4/20,Michigan,26,14225,540
4/4/20,Minnesota,27,865,24
4/4/20,Mississippi,28,1455,35
4/4/20,Missouri,29,2291,44
4/4/20,Montana,30,281,6
4/4/20,Nebraska,31,339,8
4/4/20,Nevada,32,1758,46
4/4/20,New Hampshire,33,621,9
4/4/20,New Jersey,34,34124,847
4/4/20,New Mexico,35,543,11
4/4/20,New York,36,114996,3568
4/4/20,North Carolina,37,2402,30
4/4/20,North Dakota,38,186,3
4/4/20,Northern Mariana Islands,69,8,1
4/4/20,Ohio,39,3739,102
4/4/20,Oklahoma,40,1159,42
4/4/20,Oregon,41,999,26
4/4/20,Pennsylvania,42,10109,139
4/4/20,Puerto Rico,72,452,18
4/4/20,Rhode Island,44,806,17
4/4/20,South Carolina,45,1917,40
4/4/20,South Dakota,46,212,2
4/4/20,Tennessee,47,3265,47
4/4/20,Texas,48,6566,124
4/4/20,Utah,49,1428,8
4/4/20,Vermont,50,461,20
4/4/20,Virgin Islands,78,42,0
4/4/20,Virginia,51,2407,52
4/4/20,Washington,53,7498,318
4/4/20,West Virginia,54,282,2
4/4/20,Wisconsin,55,2112,60
4/4/20,Wyoming,56,187,0
4/5/20,Alabama,1,1841,45
4/5/20,Alaska,2,185,4
4/5/20,Arizona,4,2269,64
4/5/20,Arkansas,5,853,16
4/5/20,California,6,15076,349
4/5/20,Colorado,8,4950,140
4/5/20,Connecticut,9,5675,189
4/5/20,Delaware,10,673,14
4/5/20,District of Columbia,11,998,22
4/5/20,Florida,12,12342,220
4/5/20,Georgia,13,6742,219
4/5/20,Guam,66,265,4
4/5/20,Hawaii,15,369,4
4/5/20,Idaho,16,1101,10
4/5/20,Illinois,17,11276,282
4/5/20,Indiana,18,4411,127
4/5/20,Iowa,19,868,22
4/5/20,Kansas,20,763,23
4/5/20,Kentucky,21,1048,44
4/5/20,Louisiana,22,13010,477
4/5/20,Maine,23,470,10
4/5/20,Maryland,24,3609,68
4/5/20,Massachusetts,25,12500,231
4/5/20,Michigan,26,15635,616
4/5/20,Minnesota,27,935,29
4/5/20,Mississippi,28,1638,43
4/5/20,Missouri,29,2367,52
4/5/20,Montana,30,298,6
4/5/20,Nebraska,31,377,8
4/5/20,Nevada,32,1880,46
4/5/20,New Hampshire,33,669,9
4/5/20,New Jersey,34,37505,917
4/5/20,New Mexico,35,624,12
4/5/20,New York,36,122911,4161
4/5/20,North Carolina,37,2585,37
4/5/20,North Dakota,38,207,3
4/5/20,Northern Mariana Islands,69,8,1
4/5/20,Ohio,39,4043,119
4/5/20,Oklahoma,40,1252,46
4/5/20,Oregon,41,1068,27
4/5/20,Pennsylvania,42,11589,159
4/5/20,Puerto Rico,72,475,20
4/5/20,Rhode Island,44,922,25
4/5/20,South Carolina,45,2049,44
4/5/20,South Dakota,46,240,2
4/5/20,Tennessee,47,3538,50
4/5/20,Texas,48,7094,137
4/5/20,Utah,49,1605,8
4/5/20,Vermont,50,512,22
4/5/20,Virgin Islands,78,42,0
4/5/20,Virginia,51,2637,52
4/5/20,Washington,53,7984,344
4/5/20,West Virginia,54,324,3
4/5/20,Wisconsin,55,2267,73
4/5/20,Wyoming,56,200,0
4/6/20,Alabama,1,2006,53
4/6/20,Alaska,2,189,4
4/6/20,Arizona,4,2465,67
4/6/20,Arkansas,5,927,16
4/6/20,California,6,16284,386
4/6/20,Colorado,8,5172,150
4/6/20,Connecticut,9,6906,206
4/6/20,Delaware,10,783,15
4/6/20,District of Columbia,11,1097,24
4/6/20,Florida,12,13621,253
4/6/20,Georgia,13,7558,294
4/6/20,Guam,66,266,4
4/6/20,Hawaii,15,385,5
4/6/20,Idaho,16,1170,13
4/6/20,Illinois,17,12262,309
4/6/20,Indiana,18,4956,141
4/6/20,Iowa,19,946,25
4/6/20,Kansas,20,853,25
4/6/20,Kentucky,21,1057,52
4/6/20,Louisiana,22,14867,512
4/6/20,Maine,23,499,10
4/6/20,Maryland,24,4045,92
4/6/20,Massachusetts,25,13837,260
4/6/20,Michigan,26,17130,727
4/6/20,Minnesota,27,986,30
4/6/20,Mississippi,28,1738,51
4/6/20,Missouri,29,2722,56
4/6/20,Montana,30,319,6
4/6/20,Nebraska,31,438,10
4/6/20,Nevada,32,1971,58
4/6/20,New Hampshire,33,715,9
4/6/20,New Jersey,34,41090,1005
4/6/20,New Mexico,35,686,12
4/6/20,New York,36,130703,4758
4/6/20,North Carolina,37,2870,40
4/6/20,North Dakota,38,225,3
4/6/20,Northern Mariana Islands,69,8,1
4/6/20,Ohio,39,4450,142
4/6/20,Oklahoma,40,1327,51
4/6/20,Oregon,41,1132,29
4/6/20,Pennsylvania,42,13074,169
4/6/20,Puerto Rico,72,513,21
4/6/20,Rhode Island,44,1082,27
4/6/20,South Carolina,45,2232,48
4/6/20,South Dakota,46,288,4
4/6/20,Tennessee,47,3753,65
4/6/20,Texas,48,8115,160
4/6/20,Utah,49,1675,13
4/6/20,Vermont,50,543,23
4/6/20,Virgin Islands,78,43,1
4/6/20,Virginia,51,2878,54
4/6/20,Washington,53,8384,383
4/6/20,West Virginia,54,345,4
4/6/20,Wisconsin,55,2440,83
4/6/20,Wyoming,56,212,0
4/7/20,Alabama,1,2197,64
4/7/20,Alaska,2,211,4
4/7/20,Arizona,4,2575,77
4/7/20,Arkansas,5,997,18
4/7/20,California,6,17540,447
4/7/20,Colorado,8,5429,179
4/7/20,Connecticut,9,7781,277
4/7/20,Delaware,10,928,16
4/7/20,District of Columbia,11,1211,22
4/7/20,Florida,12,14739,295
4/7/20,Georgia,13,9156,348
4/7/20,Guam,66,274,4
4/7/20,Hawaii,15,408,5
4/7/20,Idaho,16,1210,15
4/7/20,Illinois,17,13549,384
4/7/20,Indiana,18,5507,173
4/7/20,Iowa,19,1048,26
4/7/20,Kansas,20,905,30
4/7/20,Kentucky,21,1289,66
4/7/20,Louisiana,22,16284,582
4/7/20,Maine,23,519,12
4/7/20,Maryland,24,4371,104
4/7/20,Massachusetts,25,15202,356
4/7/20,Michigan,26,18852,845
4/7/20,Minnesota,27,1069,34
4/7/20,Mississippi,28,1915,59
4/7/20,Missouri,29,3037,79
4/7/20,Montana,30,319,6
4/7/20,Nebraska,31,490,12
4/7/20,Nevada,32,2101,60
4/7/20,New Hampshire,33,747,13
4/7/20,New Jersey,34,44416,1232
4/7/20,New Mexico,35,794,13
4/7/20,New York,36,140081,5563
4/7/20,North Carolina,37,3220,50
4/7/20,North Dakota,38,237,4
4/7/20,Northern Mariana Islands,69,8,2
4/7/20,Ohio,39,4782,167
4/7/20,Oklahoma,40,1472,67
4/7/20,Oregon,41,1181,33
4/7/20,Pennsylvania,42,14582,240
4/7/20,Puerto Rico,72,573,23
4/7/20,Rhode Island,44,1229,30
4/7/20,South Carolina,45,2417,51
4/7/20,South Dakota,46,320,6
4/7/20,Tennessee,47,4010,72
4/7/20,Texas,48,8974,178
4/7/20,Utah,49,1752,13
4/7/20,Vermont,50,575,23
4/7/20,Virgin Islands,78,45,1
4/7/20,Virginia,51,3333,69
4/7/20,Washington,53,8682,409
4/7/20,West Virginia,54,412,4
4/7/20,Wisconsin,55,2578,94
4/7/20,Wyoming,56,221,0
4/8/20,Alabama,1,2499,67
4/8/20,Alaska,2,224,5
4/8/20,Arizona,4,2726,80
4/8/20,Arkansas,5,1077,18
4/8/20,California,6,19043,506
4/8/20,Colorado,8,5655,192
4/8/20,Connecticut,9,8781,335
4/8/20,Delaware,10,1116,19
4/8/20,District of Columbia,11,1440,27
4/8/20,Florida,12,15690,322
4/8/20,Georgia,13,10204,370
4/8/20,Guam,66,409,4
4/8/20,Hawaii,15,433,5
4/8/20,Idaho,16,1232,19
4/8/20,Illinois,17,15078,464
4/8/20,Indiana,18,5943,203
4/8/20,Iowa,19,1145,27
4/8/20,Kansas,20,1055,38
4/8/20,Kentucky,21,1393,73
4/8/20,Louisiana,22,17030,652
4/8/20,Maine,23,537,14
4/8/20,Maryland,24,5529,124
4/8/20,Massachusetts,25,16790,433
4/8/20,Michigan,26,20220,959
4/8/20,Minnesota,27,1154,39
4/8/20,Mississippi,28,2003,67
4/8/20,Missouri,29,3327,86
4/8/20,Montana,30,332,6
4/8/20,Nebraska,31,538,14
4/8/20,Nevada,32,2318,80
4/8/20,New Hampshire,33,788,18
4/8/20,New Jersey,34,47437,1504
4/8/20,New Mexico,35,865,16
4/8/20,New York,36,149401,6268
4/8/20,North Carolina,37,3423,61
4/8/20,North Dakota,38,251,4
4/8/20,Northern Mariana Islands,69,11,2
4/8/20,Ohio,39,5148,193
4/8/20,Oklahoma,40,1524,79
4/8/20,Oregon,41,1239,38
4/8/20,Pennsylvania,42,16414,313
4/8/20,Puerto Rico,72,620,24
4/8/20,Rhode Island,44,1450,35
4/8/20,South Carolina,45,2552,63
4/8/20,South Dakota,46,393,6
4/8/20,Tennessee,47,4246,83
4/8/20,Texas,48,9900,195
4/8/20,Utah,49,1875,13
4/8/20,Vermont,50,605,23
4/8/20,Virgin Islands,78,45,1
4/8/20,Virginia,51,3645,75
4/8/20,Washington,53,9097,430
4/8/20,West Virginia,54,483,4
4/8/20,Wisconsin,55,2756,107
4/8/20,Wyoming,56,230,0
4/9/20,Alabama,1,2838,78
4/9/20,Alaska,2,233,5
4/9/20,American Samoa,60,0,0
4/9/20,Arizona,4,3018,89
4/9/20,Arkansas,5,1146,21
4/9/20,California,6,20191,548
4/9/20,Colorado,8,6202,227
4/9/20,Connecticut,9,9784,380
4/9/20,Delaware,10,1209,23
4/9/20,District of Columbia,11,1523,32
4/9/20,Florida,12,16819,370
4/9/20,Georgia,13,10885,412
4/9/20,Guam,66,542,4
4/9/20,Hawaii,15,440,6
4/9/20,Idaho,16,1353,24
4/9/20,Illinois,17,16422,534
4/9/20,Indiana,18,6351,246
4/9/20,Iowa,19,1270,27
4/9/20,Kansas,20,1116,42
4/9/20,Kentucky,21,1525,84
4/9/20,Louisiana,22,18283,702
4/9/20,Maine,23,560,16
4/9/20,Maryland,24,6185,139
4/9/20,Massachusetts,25,18941,503
4/9/20,Michigan,26,21375,1076
4/9/20,Minnesota,27,1242,50
4/9/20,Mississippi,28,2260,76
4/9/20,Missouri,29,3539,94
4/9/20,Montana,30,354,6
4/9/20,Nebraska,31,594,15
4/9/20,Nevada,32,2456,82
4/9/20,New Hampshire,33,819,21
4/9/20,New Jersey,34,51027,1700
4/9/20,New Mexico,35,989,17
4/9/20,New York,36,159937,7067
4/9/20,North Carolina,37,3651,74
4/9/20,North Dakota,38,269,5
4/9/20,Northern Mariana Islands,69,11,2
4/9/20,Ohio,39,5512,213
4/9/20,Oklahoma,40,1684,80
4/9/20,Oregon,41,1321,44
4/9/20,Pennsylvania,42,18379,344
4/9/20,Puerto Rico,72,683,33
4/9/20,Rhode Island,44,1727,43
4/9/20,South Carolina,45,2792,67
4/9/20,South Dakota,46,447,7
4/9/20,Tennessee,47,4456,95
4/9/20,Texas,48,11372,228
4/9/20,Utah,49,1980,13
4/9/20,Vermont,50,628,23
4/9/20,Virgin Islands,78,46,1
4/9/20,Virginia,51,4042,109
4/9/20,Washington,53,9608,456
4/9/20,West Virginia,54,524,5
4/9/20,Wisconsin,55,2885,116
4/9/20,Wyoming,56,239,0
4/10/20,Alabama,1,3008,80
4/10/20,Alaska,2,244,5
4/10/20,American Samoa,60,0,0
4/10/20,Arizona,4,3112,97
4/10/20,Arkansas,5,1202,24
4/10/20,California,6,21366,594
4/10/20,Colorado,8,6510,253
4/10/20,Connecticut,9,10538,448
4/10/20,Delaware,10,1326,32
4/10/20,District of Columbia,11,1660,38
4/10/20,Florida,12,17960,418
4/10/20,Georgia,13,11859,425
4/10/20,Guam,66,577,4
4/10/20,Hawaii,15,463,8
4/10/20,Idaho,16,1397,25
4/10/20,Illinois,17,17887,607
4/10/20,Indiana,18,6907,300
4/10/20,Iowa,19,1388,31
4/10/20,Kansas,20,1180,50
4/10/20,Kentucky,21,1702,90
4/10/20,Louisiana,22,19253,755
4/10/20,Maine,23,586,17
4/10/20,Maryland,24,6968,172
4/10/20,Massachusetts,25,20974,599
4/10/20,Michigan,26,22646,1280
4/10/20,Minnesota,27,1335,57
4/10/20,Mississippi,28,2469,82
4/10/20,Missouri,29,3799,105
4/10/20,Montana,30,365,6
4/10/20,Nebraska,31,679,18
4/10/20,Nevada,32,2606,86
4/10/20,New Hampshire,33,885,22
4/10/20,New Jersey,34,54588,1932
4/10/20,New Mexico,35,1091,19
4/10/20,New York,36,170512,7844
4/10/20,North Carolina,37,3906,78
4/10/20,North Dakota,38,278,7
4/10/20,Northern Mariana Islands,69,11,2
4/10/20,Ohio,39,5878,231
4/10/20,Oklahoma,40,1794,88
4/10/20,Oregon,41,1371,48
4/10/20,Pennsylvania,42,20128,435
4/10/20,Puerto Rico,72,725,39
4/10/20,Rhode Island,44,2015,49
4/10/20,South Carolina,45,3065,72
4/10/20,South Dakota,46,536,7
4/10/20,Tennessee,47,4793,104
4/10/20,Texas,48,12288,247
4/10/20,Utah,49,2103,17
4/10/20,Vermont,50,679,24
4/10/20,Virgin Islands,78,46,1
4/10/20,Virginia,51,4509,121
4/10/20,Washington,53,9887,483
4/10/20,West Virginia,54,537,5
4/10/20,Wisconsin,55,3068,131
4/10/20,Wyoming,56,253,0
4/11/20,Alabama,1,3262,93
4/11/20,Alaska,2,255,6
4/11/20,American Samoa,60,0,0
4/11/20,Arizona,4,3393,112
4/11/20,Arkansas,5,1228,25
4/11/20,California,6,22421,632
4/11/20,Colorado,8,6893,274
4/11/20,Connecticut,9,11510,494
4/11/20,Delaware,10,1479,33
4/11/20,District of Columbia,11,1778,47
4/11/20,Florida,12,18978,445
4/11/20,Georgia,13,12261,432
4/11/20,Guam,66,681,5
4/11/20,Hawaii,15,484,8
4/11/20,Idaho,16,1407,27
4/11/20,Illinois,17,19180,682
4/11/20,Indiana,18,7435,330
4/11/20,Iowa,19,1510,34
4/11/20,Kansas,20,1283,55
4/11/20,Kentucky,21,1851,94
4/11/20,Louisiana,22,20014,806
4/11/20,Maine,23,616,19
4/11/20,Maryland,24,7694,207
4/11/20,Massachusetts,25,22860,686
4/11/20,Michigan,26,23853,1391
4/11/20,Minnesota,27,1427,64
4/11/20,Mississippi,28,2642,93
4/11/20,Missouri,29,4024,116
4/11/20,Montana,30,377,6
4/11/20,Nebraska,31,719,18
4/11/20,Nevada,32,2720,111
4/11/20,New Hampshire,33,929,23
4/11/20,New Jersey,34,58151,2183
4/11/20,New Mexico,35,1174,20
4/11/20,New York,36,180458,8627
4/11/20,North Carolina,37,4310,86
4/11/20,North Dakota,38,293,7
4/11/20,Northern Mariana Islands,69,11,2
4/11/20,Ohio,39,6250,247
4/11/20,Oklahoma,40,1868,93
4/11/20,Oregon,41,1447,51
4/11/20,Pennsylvania,42,21774,515
4/11/20,Puerto Rico,72,788,42
4/11/20,Rhode Island,44,2349,56
4/11/20,South Carolina,45,3207,80
4/11/20,South Dakota,46,626,6
4/11/20,Tennessee,47,4983,107
4/11/20,Texas,48,13206,266
4/11/20,Utah,49,2206,18
4/11/20,Vermont,50,711,25
4/11/20,Virgin Islands,78,51,1
4/11/20,Virginia,51,5077,130
4/11/20,Washington,53,10224,498
4/11/20,West Virginia,54,593,6
4/11/20,Wisconsin,55,3213,141
4/11/20,Wyoming,56,261,0
4/12/20,Alabama,1,3583,93
4/12/20,Alaska,2,270,6
4/12/20,American Samoa,60,0,0
4/12/20,Arizona,4,3539,117
4/12/20,Arkansas,5,1280,27
4/12/20,California,6,23323,676
4/12/20,Colorado,8,7303,290
4/12/20,Connecticut,9,12035,554
4/12/20,Delaware,10,1625,35
4/12/20,District of Columbia,11,1875,50
4/12/20,Florida,12,19855,460
4/12/20,Georgia,13,12103,438
4/12/20,Guam,66,716,5
4/12/20,Hawaii,15,497,9
4/12/20,Idaho,16,1426,27
4/12/20,Illinois,17,20852,727
4/12/20,Indiana,18,7928,343
4/12/20,Iowa,19,1587,41
4/12/20,Kansas,20,1338,56
4/12/20,Kentucky,21,1963,98
4/12/20,Louisiana,22,20595,840
4/12/20,Maine,23,633,19
4/12/20,Maryland,24,8225,236
4/12/20,Massachusetts,25,25475,756
4/12/20,Michigan,26,24494,1486
4/12/20,Minnesota,27,1621,70
4/12/20,Mississippi,28,2781,96
4/12/20,Missouri,29,4160,116
4/12/20,Montana,30,387,6
4/12/20,Nebraska,31,806,18
4/12/20,Nevada,32,2860,113
4/12/20,New Hampshire,33,985,23
4/12/20,New Jersey,34,61850,2350
4/12/20,New Mexico,35,1245,26
4/12/20,New York,36,188694,9385
4/12/20,North Carolina,37,4520,86
4/12/20,North Dakota,38,308,8
4/12/20,Northern Mariana Islands,69,11,2
4/12/20,Ohio,39,6604,253
4/12/20,Oklahoma,40,1970,96
4/12/20,Oregon,41,1527,52
4/12/20,Pennsylvania,42,22955,525
4/12/20,Puerto Rico,72,897,44
4/12/20,Rhode Island,44,2665,63
4/12/20,South Carolina,45,3319,82
4/12/20,South Dakota,46,730,6
4/12/20,Tennessee,47,5144,107
4/12/20,Texas,48,13774,289
4/12/20,Utah,49,2303,18
4/12/20,Vermont,50,727,27
4/12/20,Virgin Islands,78,51,1
4/12/20,Virginia,51,5274,141
4/12/20,Washington,53,10411,511
4/12/20,West Virginia,54,615,8
4/12/20,Wisconsin,55,3341,145
4/12/20,Wyoming,56,270,0
4/13/20,Alabama,1,3805,104
4/13/20,Alaska,2,275,6
4/13/20,American Samoa,60,0,0
4/13/20,Arizona,4,3702,122
4/13/20,Arkansas,5,1475,30
4/13/20,California,6,24334,725
4/13/20,Colorado,8,7691,308
4/13/20,Connecticut,9,13381,602
4/13/20,Delaware,10,1761,41
4/13/20,District of Columbia,11,1955,52
4/13/20,Florida,12,21011,498
4/13/20,Georgia,13,13125,479
4/13/20,Guam,66,716,6
4/13/20,Hawaii,15,502,9
4/13/20,Idaho,16,1453,33
4/13/20,Illinois,17,22025,800
4/13/20,Indiana,18,8236,350
4/13/20,Iowa,19,1710,44
4/13/20,Kansas,20,1383,63
4/13/20,Kentucky,21,2048,106
4/13/20,Louisiana,22,21016,884
4/13/20,Maine,23,698,19
4/13/20,Maryland,24,8936,262
4/13/20,Massachusetts,25,26867,844
4/13/20,Michigan,26,25487,1601
4/13/20,Minnesota,27,1650,70
4/13/20,Mississippi,28,2942,98
4/13/20,Missouri,29,4388,137
4/13/20,Montana,30,394,7
4/13/20,Nebraska,31,871,19
4/13/20,Nevada,32,3036,114
4/13/20,New Hampshire,33,1020,23
4/13/20,New Jersey,34,64584,2443
4/13/20,New Mexico,35,1345,31
4/13/20,New York,36,195031,10056
4/13/20,North Carolina,37,4815,91
4/13/20,North Dakota,38,331,9
4/13/20,Northern Mariana Islands,69,11,2
4/13/20,Ohio,39,6975,274
4/13/20,Oklahoma,40,2069,98
4/13/20,Oregon,41,1584,53
4/13/20,Pennsylvania,42,24295,563
4/13/20,Puerto Rico,72,903,45
4/13/20,Rhode Island,44,2976,73
4/13/20,South Carolina,45,3439,87
4/13/20,South Dakota,46,868,6
4/13/20,Tennessee,47,5483,114
4/13/20,Texas,48,14488,320
4/13/20,Utah,49,2363,18
4/13/20,Vermont,50,748,28
4/13/20,Virgin Islands,78,51,1
4/13/20,Virginia,51,5747,149
4/13/20,Washington,53,10538,525
4/13/20,West Virginia,54,638,9
4/13/20,Wisconsin,55,3428,155
4/13/20,Wyoming,56,275,1
4/14/20,Alabama,1,3953,114
4/14/20,Alaska,2,283,7
4/14/20,American Samoa,60,0,0
4/14/20,Arizona,4,3806,131
4/14/20,Arkansas,5,1498,32
4/14/20,California,6,25758,778
4/14/20,Colorado,8,7941,329
4/14/20,Connecticut,9,13989,671
4/14/20,Delaware,10,1926,43
4/14/20,District of Columbia,11,2058,67
4/14/20,Florida,12,21620,570
4/14/20,Georgia,13,13913,517
4/14/20,Guam,66,721,6
4/14/20,Hawaii,15,511,9
4/14/20,Idaho,16,1464,39
4/14/20,Illinois,17,23247,878
4/14/20,Indiana,18,8527,387
4/14/20,Iowa,19,1899,44
4/14/20,Kansas,20,1439,69
4/14/20,Kentucky,21,2210,115
4/14/20,Louisiana,22,21518,1013
4/14/20,Maine,23,734,20
4/14/20,Maryland,24,9472,302
4/14/20,Massachusetts,25,28163,957
4/14/20,Michigan,26,26844,1766
4/14/20,Minnesota,27,1695,79
4/14/20,Mississippi,28,3087,111
4/14/20,Missouri,29,4686,152
4/14/20,Montana,30,399,7
4/14/20,Nebraska,31,931,21
4/14/20,Nevada,32,3137,130
4/14/20,New Hampshire,33,1091,27
4/14/20,New Jersey,34,68824,2805
4/14/20,New Mexico,35,1407,36
4/14/20,New York,36,202208,10834
4/14/20,North Carolina,37,5024,116
4/14/20,North Dakota,38,341,9
4/14/20,Northern Mariana Islands,69,13,2
4/14/20,Ohio,39,7280,324
4/14/20,Oklahoma,40,2184,109
4/14/20,Oregon,41,1633,55
4/14/20,Pennsylvania,42,25591,746
4/14/20,Puerto Rico,72,923,45
4/14/20,Rhode Island,44,3251,80
4/14/20,South Carolina,45,3553,97
4/14/20,South Dakota,46,988,6
4/14/20,Tennessee,47,5654,123
4/14/20,Texas,48,15304,365
4/14/20,Utah,49,2418,19
4/14/20,Vermont,50,752,29
4/14/20,Virgin Islands,78,51,1
4/14/20,Virginia,51,6171,154
4/14/20,Washington,53,10694,552
4/14/20,West Virginia,54,697,10
4/14/20,Wisconsin,55,3555,172
4/14/20,Wyoming,56,282,1
4/15/20,Alabama,1,4241,123
4/15/20,Alaska,2,291,7
4/15/20,American Samoa,60,0,0
4/15/20,Arizona,4,3962,142
4/15/20,Arkansas,5,1599,34
4/15/20,California,6,27107,885
4/15/20,Colorado,8,8280,355
4/15/20,Connecticut,9,14755,868
4/15/20,Delaware,10,2014,46
4/15/20,District of Columbia,11,2197,72
4/15/20,Florida,12,22526,613
4/15/20,Georgia,13,14583,569
4/15/20,Guam,66,750,6
4/15/20,Hawaii,15,524,9
4/15/20,Idaho,16,1507,41
4/15/20,Illinois,17,24593,958
4/15/20,Indiana,18,8955,436
4/15/20,Iowa,19,1995,53
4/15/20,Kansas,20,1502,76
4/15/20,Kentucky,21,2295,124
4/15/20,Louisiana,22,21951,1103
4/15/20,Maine,23,770,24
4/15/20,Maryland,24,10032,349
4/15/20,Massachusetts,25,29918,1108
4/15/20,Michigan,26,27893,1919
4/15/20,Minnesota,27,1809,87
4/15/20,Mississippi,28,3360,122
4/15/20,Missouri,29,4895,165
4/15/20,Montana,30,404,7
4/15/20,Nebraska,31,995,22
4/15/20,Nevada,32,3212,137
4/15/20,New Hampshire,33,1139,32
4/15/20,New Jersey,34,71030,3156
4/15/20,New Mexico,35,1484,36
4/15/20,New York,36,213779,11586
4/15/20,North Carolina,37,5123,128
4/15/20,North Dakota,38,365,9
4/15/20,Northern Mariana Islands,69,13,2
4/15/20,Ohio,39,7791,361
4/15/20,Oklahoma,40,2263,123
4/15/20,Oregon,41,1663,58
4/15/20,Pennsylvania,42,26804,833
4/15/20,Puerto Rico,72,974,51
4/15/20,Rhode Island,44,3251,87
4/15/20,South Carolina,45,3656,107
4/15/20,South Dakota,46,1168,6
4/15/20,Tennessee,47,5878,137
4/15/20,Texas,48,16104,395
4/15/20,Utah,49,2549,20
4/15/20,Vermont,50,759,30
4/15/20,Virgin Islands,78,51,1
4/15/20,Virginia,51,6500,195
4/15/20,Washington,53,10783,572
4/15/20,West Virginia,54,725,12
4/15/20,Wisconsin,55,3721,184
4/15/20,Wyoming,56,288,2